Time (s),Yaw,Thrust,Roll,Pitch,Measured Roll,Measured Pitch,Measured Yaw,Measured Altitude,a_x,a_y,a_z,v_x,v_y,v_z,q_x,q_y,q_z
0.16144728660583496,0.0,50.0,0.0,0.0,-1.15,-0.03,88.01,570.34,0,0,0,0,0,0,-1061,1871,0
0.3086731433868408,0.0,50.0,0.0,0.0,-1.16,-0.03,88.02,570.35,0,0,0,0,0,0,-1061,1871,0
0.5648391246795654,0.0,50.0,0.0,0.0,-1.17,-0.03,88.02,570.35,0,0,0,0,0,0,-1061,1871,0
0.5857226848602295,0.0,50.0,0.0,0.0,-1.17,-0.03,88.02,570.35,0,0,0,0,0,0,-1061,1871,0
0.6299171447753906,0.0,50.0,0.0,0.0,-1.17,-0.03,88.02,570.35,0,0,0,0,0,0,-1061,1871,0
0.6681923866271973,0.0,50.0,0.0,0.0,-1.17,-0.03,88.03,570.36,0,0,0,0,0,0,-1061,1871,0
0.6945536136627197,0.0,50.0,0.0,0.0,-1.17,-0.03,88.03,570.36,0,0,0,0,0,0,-1061,1871,0
0.7155842781066895,0.0,50.0,0.0,0.0,-1.17,-0.03,88.03,570.36,0,0,0,0,0,0,-1061,1871,0
0.7375586032867432,0.0,50.0,0.0,0.0,-1.17,-0.03,88.03,570.36,0,0,0,0,0,0,-1061,1871,0
0.7955262660980225,0.0,50.0,0.0,0.0,-1.17,-0.03,88.03,570.36,0,0,0,0,0,0,-1061,1871,0
0.8641080856323242,0.0,50.0,0.0,0.0,-1.18,-0.03,88.03,570.36,0,0,0,0,0,0,-1061,1871,0
0.8851068019866943,0.0,50.0,0.0,0.0,-1.18,-0.03,88.03,570.35,0,0,0,0,0,0,-1061,1871,0
0.9047586917877197,0.0,50.0,0.0,0.0,-1.18,-0.03,88.03,570.35,0,0,0,0,0,0,-1061,1871,0
0.9580643177032471,0.0,50.0,0.0,0.0,-1.18,-0.03,88.03,570.35,0,0,0,0,0,0,-1061,1871,0
0.9945418834686279,0.0,50.0,0.0,0.0,-1.18,-0.03,88.03,570.34,0,0,0,0,0,0,-1061,1871,0
1.0155041217803955,0.0,50.0,0.0,0.0,-1.18,-0.03,88.03,570.34,0,0,0,0,0,0,-1061,1871,0
1.0475897789001465,0.0,50.0,0.0,0.0,-1.18,-0.03,88.04,570.34,0,0,0,0,0,0,-1061,1871,0
1.0673613548278809,0.0,50.0,0.0,0.0,-1.18,-0.03,88.04,570.34,0,0,0,0,0,0,-1061,1871,0
1.0903964042663574,0.0,50.0,0.0,0.0,-1.18,-0.03,88.04,570.35,0,0,0,0,0,0,-1061,1871,0
1.1101489067077637,0.0,50.0,0.0,0.0,-1.18,-0.03,88.04,570.35,0,0,0,0,0,0,-1061,1871,0
1.130455493927002,0.0,50.0,0.0,0.0,-1.18,-0.03,88.04,570.35,0,0,0,0,0,0,-1061,1871,0
1.1504786014556885,0.0,50.0,0.0,0.0,-1.18,-0.03,88.04,570.35,0,0,0,0,0,0,-1061,1871,0
1.1702921390533447,0.0,50.0,0.0,0.0,-1.18,-0.03,88.04,570.35,0,0,0,0,0,0,-1061,1871,0
1.1967339515686035,0.0,50.0,0.0,0.0,-1.18,-0.03,88.04,570.35,0,1,0,0,0,0,-1061,1871,0
1.2167327404022217,0.0,50.0,0.0,0.0,-1.18,-0.03,88.04,570.35,0,1,0,0,0,0,-1061,1871,0
1.2401652336120605,0.0,50.0,0.0,0.0,-1.19,-0.03,88.04,570.35,0,0,0,0,0,0,-1061,1871,0
1.2600061893463135,0.0,50.0,0.0,0.0,-1.19,-0.03,88.04,570.35,0,0,0,0,0,0,-1061,1871,0
1.280733585357666,0.0,50.0,0.0,0.0,-1.18,-0.03,88.05,570.37,0,0,0,0,0,0,-1061,1871,0
1.3017323017120361,0.0,50.0,0.0,0.0,-1.18,-0.03,88.05,570.37,0,0,0,0,0,0,-1061,1871,0
1.321542501449585,0.0,50.0,0.0,0.0,-1.18,-0.03,88.05,570.37,0,0,0,0,0,0,-1061,1871,0
1.3445358276367188,0.0,50.0,0.0,0.0,-1.18,-0.03,88.05,570.37,0,0,0,0,0,0,-1061,1871,0
1.3644704818725586,0.0,50.0,0.0,0.0,-1.18,-0.03,88.05,570.37,0,0,0,0,0,0,-1061,1871,0
1.3847630023956299,0.0,50.0,0.0,0.0,-1.19,-0.03,88.05,570.37,0,0,0,0,0,0,-1061,1871,0
1.4051852226257324,0.0,50.0,0.0,0.0,-1.19,-0.03,88.05,570.37,0,0,0,0,0,0,-1061,1871,0
1.4251208305358887,0.0,50.0,0.0,0.0,-1.19,-0.03,88.05,570.37,0,0,0,0,0,0,-1061,1871,0
1.444962501525879,0.0,50.0,0.0,0.0,-1.19,-0.03,88.05,570.37,0,0,0,0,0,0,-1061,1871,0
1.465127944946289,0.0,50.0,0.0,0.0,-1.19,-0.03,88.05,570.37,0,0,0,0,0,0,-1061,1871,0
1.485482931137085,0.0,50.0,0.0,0.0,-1.19,-0.03,88.05,570.37,0,0,0,0,0,0,-1061,1871,0
1.5076355934143066,0.0,50.0,0.0,0.0,-1.19,-0.03,88.05,570.37,0,0,0,0,0,0,-1061,1871,1
1.5273997783660889,0.0,50.0,0.0,0.0,-1.19,-0.03,88.05,570.36,0,0,0,0,0,0,-1061,1871,1
1.548295021057129,0.0,50.0,0.0,0.0,-1.19,-0.03,88.05,570.36,0,0,0,0,0,0,-1061,1871,1
1.568147897720337,0.0,50.0,0.0,0.0,-1.19,-0.03,88.05,570.36,0,0,0,0,0,0,-1061,1871,1
1.589216709136963,0.0,50.0,0.0,0.0,-1.19,-0.03,88.05,570.36,0,0,0,0,0,0,-1061,1871,1
1.6115601062774658,0.0,50.0,0.0,0.0,-1.19,-0.03,88.05,570.36,0,0,0,0,0,0,-1061,1871,1
1.6318142414093018,0.0,50.0,0.0,0.0,-1.19,-0.03,88.05,570.36,0,0,0,0,0,0,-1061,1871,1
1.652019739151001,0.0,50.0,0.0,0.0,-1.19,-0.03,88.05,570.36,0,1,0,0,0,0,-1061,1871,1
1.6728770732879639,0.0,50.0,0.0,0.0,-1.19,-0.03,88.06,570.36,0,0,0,0,0,0,-1061,1871,1
1.6928751468658447,0.0,50.0,0.0,0.0,-1.19,-0.03,88.06,570.36,0,0,0,0,0,0,-1061,1871,1
1.716874599456787,0.0,50.0,0.0,0.0,-1.19,-0.03,88.06,570.36,0,0,0,0,0,0,-1061,1871,1
1.7388663291931152,0.0,50.0,0.0,0.0,-1.2,-0.03,88.06,570.36,0,0,0,0,0,0,-1061,1871,1
1.7598764896392822,0.0,50.0,0.0,0.0,-1.2,-0.03,88.06,570.36,0,0,0,0,0,0,-1061,1871,1
1.780268669128418,0.0,50.0,0.0,0.0,-1.2,-0.03,88.06,570.36,0,0,0,0,0,0,-1061,1871,1
1.8003149032592773,0.0,50.0,0.0,0.0,-1.2,-0.04,88.06,570.35,0,0,0,0,0,0,-1061,1871,1
1.8207480907440186,0.0,50.0,0.0,0.0,-1.2,-0.04,88.06,570.35,0,0,0,0,0,0,-1061,1871,1
1.8405036926269531,0.0,50.0,0.0,0.0,-1.2,-0.03,88.06,570.35,0,0,0,0,0,0,-1061,1871,1
1.861119270324707,0.0,50.0,0.0,0.0,-1.2,-0.03,88.06,570.35,0,0,0,0,0,0,-1061,1871,1
1.8821027278900146,0.0,50.0,0.0,0.0,-1.2,-0.03,88.07,570.35,0,0,0,0,0,0,-1061,1871,1
1.901933193206787,0.0,50.0,0.0,0.0,-1.2,-0.03,88.07,570.35,0,0,0,0,0,0,-1061,1871,1
1.924450159072876,0.0,50.0,0.0,0.0,-1.2,-0.03,88.07,570.35,0,0,0,0,0,0,-1061,1871,1
1.9444444179534912,0.0,50.0,0.0,0.0,-1.2,-0.03,88.07,570.35,0,0,0,0,0,0,-1061,1871,1
1.964625597000122,0.0,50.0,0.0,0.0,-1.2,-0.03,88.07,570.35,0,0,0,0,0,0,-1061,1871,1
1.984222650527954,0.0,50.0,0.0,0.0,-1.2,-0.03,88.07,570.35,0,0,0,0,0,0,-1061,1871,1
2.0052220821380615,0.0,50.0,0.0,0.0,-1.2,-0.03,88.07,570.35,0,0,0,0,0,0,-1061,1871,1
2.0286614894866943,0.0,50.0,0.0,0.0,-1.2,-0.03,88.07,570.35,0,0,0,0,0,0,-1061,1871,1
2.049112319946289,0.0,50.0,0.0,0.0,-1.2,-0.03,88.07,570.35,0,0,0,0,0,0,-1061,1871,1
2.07015323638916,0.0,50.0,0.0,0.0,-1.2,-0.03,88.07,570.35,0,0,0,0,0,0,-1061,1871,1
2.090574026107788,0.0,50.0,0.0,0.0,-1.2,-0.03,88.07,570.35,0,0,0,0,0,0,-1061,1871,1
2.1100220680236816,0.0,50.0,0.0,0.0,-1.2,-0.03,88.07,570.35,0,0,0,0,0,0,-1061,1871,1
2.1344213485717773,0.0,50.0,0.0,0.0,-1.2,-0.03,88.07,570.36,0,0,0,0,0,0,-1061,1871,1
2.154578447341919,0.0,50.0,0.0,0.0,-1.2,-0.03,88.07,570.36,0,0,0,0,0,0,-1061,1871,1
2.1745762825012207,0.0,50.0,0.0,0.0,-1.2,-0.03,88.07,570.36,0,0,0,0,0,0,-1061,1871,1
2.195133686065674,0.0,50.0,0.0,0.0,-1.2,-0.04,88.07,570.36,0,0,0,0,0,0,-1061,1871,1
2.2154488563537598,0.0,50.0,0.0,0.0,-1.2,-0.04,88.07,570.36,0,0,0,0,0,0,-1061,1871,1
2.2384488582611084,0.0,50.0,0.0,0.0,-1.2,-0.04,88.07,570.36,0,0,0,0,0,0,-1061,1871,1
2.258837938308716,0.0,50.0,0.0,0.0,-1.2,-0.04,88.07,570.36,0,0,0,0,0,0,-1061,1871,1
2.27902889251709,0.0,50.0,0.0,0.0,-1.2,-0.04,88.07,570.36,0,0,0,0,0,0,-1061,1871,1
2.298661947250366,0.0,50.0,0.0,0.0,-1.2,-0.04,88.07,570.36,0,0,0,0,0,0,-1061,1871,1
2.3192715644836426,0.0,50.0,0.0,0.0,-1.2,-0.04,88.07,570.36,0,0,0,0,0,0,-1061,1871,1
2.3422374725341797,0.0,50.0,0.0,0.0,-1.2,-0.04,88.07,570.36,0,0,0,0,0,0,-1061,1871,1
2.362844705581665,0.0,50.0,0.0,0.0,-1.2,-0.04,88.07,570.37,0,0,0,0,0,0,-1061,1871,1
2.383331537246704,0.0,50.0,0.0,0.0,-1.2,-0.04,88.07,570.37,0,0,0,0,0,0,-1061,1871,1
2.403526544570923,0.0,50.0,0.0,0.0,-1.2,-0.04,88.07,570.37,0,0,0,0,0,0,-1061,1871,1
2.4235901832580566,0.0,50.0,0.0,0.0,-1.2,-0.04,88.07,570.37,0,0,0,0,0,0,-1061,1871,1
2.4459216594696045,0.0,50.0,0.0,0.0,-1.2,-0.04,88.08,570.37,0,0,0,0,0,0,-1061,1871,1
2.465958833694458,0.0,50.0,0.0,0.0,-1.2,-0.04,88.08,570.37,0,0,0,0,0,0,-1061,1871,1
2.487945079803467,0.0,50.0,0.0,0.0,-1.2,-0.03,88.08,570.37,0,0,0,0,0,0,-1061,1871,1
2.5083224773406982,0.0,50.0,0.0,0.0,-1.2,-0.03,88.08,570.37,0,0,0,0,0,0,-1061,1871,1
2.527883291244507,0.0,50.0,0.0,0.0,-1.21,-0.04,88.08,570.37,0,0,0,0,0,0,-1061,1871,1
2.550513744354248,0.0,50.0,0.0,0.0,-1.21,-0.04,88.08,570.37,0,0,0,0,0,0,-1061,1871,1
2.570432424545288,0.0,50.0,0.0,0.0,-1.2,-0.04,88.08,570.37,0,0,0,0,0,0,-1061,1871,1
2.5914387702941895,0.0,50.0,0.0,0.0,-1.2,-0.04,88.08,570.37,0,0,0,0,0,0,-1061,1871,1
2.6116116046905518,0.0,50.0,0.0,0.0,-1.21,-0.04,88.08,570.37,0,0,0,0,0,0,-1061,1871,1
2.6313252449035645,0.0,50.0,0.0,0.0,-1.21,-0.04,88.08,570.37,0,0,0,0,0,0,-1061,1871,1
2.6539509296417236,0.0,50.0,0.0,0.0,-1.21,-0.04,88.08,570.36,0,0,0,0,0,0,-1061,1871,1
2.6741511821746826,0.0,50.0,0.0,0.0,-1.21,-0.04,88.08,570.36,0,0,0,0,0,0,-1061,1871,1
2.6945433616638184,0.0,50.0,0.0,0.0,-1.21,-0.04,88.09,570.36,0,0,0,0,0,0,-1061,1871,1
2.7142398357391357,0.0,50.0,0.0,0.0,-1.21,-0.03,88.09,570.36,0,0,0,0,0,0,-1061,1871,1
2.735292434692383,0.0,50.0,0.0,0.0,-1.21,-0.03,88.09,570.36,0,0,0,0,0,0,-1061,1871,1
2.7581820487976074,0.0,50.0,0.0,0.0,-1.21,-0.03,88.09,570.37,0,0,0,0,0,0,-1061,1871,1
2.7793238162994385,0.0,50.0,0.0,0.0,-1.21,-0.04,88.09,570.37,0,0,0,0,0,0,-1061,1871,1
2.799762010574341,0.0,50.0,0.0,0.0,-1.21,-0.04,88.09,570.37,0,0,0,0,0,0,-1061,1871,1
2.8198740482330322,0.0,50.0,0.0,0.0,-1.21,-0.03,88.09,570.37,0,0,0,0,0,0,-1061,1871,1
2.840186834335327,0.0,50.0,0.0,0.0,-1.21,-0.03,88.09,570.37,0,0,0,0,0,0,-1061,1871,1
2.8645071983337402,0.0,50.0,0.0,0.0,-1.21,-0.04,88.09,570.36,0,0,0,0,0,0,-1061,1871,1
2.885176181793213,0.0,50.0,0.0,0.0,-1.21,-0.04,88.09,570.36,0,0,0,0,0,0,-1061,1871,1
2.9052019119262695,0.0,50.0,0.0,0.0,-1.21,-0.04,88.09,570.36,0,0,0,0,0,0,-1061,1871,1
2.925206184387207,0.0,50.0,0.0,0.0,-1.22,-0.04,88.09,570.36,0,0,0,0,0,0,-1061,1871,1
2.9460856914520264,0.0,50.0,0.0,0.0,-1.22,-0.04,88.09,570.36,0,0,0,0,0,0,-1061,1871,1
2.9690375328063965,0.0,50.0,0.0,0.0,-1.22,-0.03,88.09,570.36,0,0,0,0,0,0,-1061,1871,1
2.9895341396331787,0.0,50.0,0.0,0.0,-1.22,-0.03,88.09,570.36,0,0,0,0,0,0,-1061,1871,1
3.0087430477142334,0.0,50.0,0.0,0.0,-1.22,-0.03,88.09,570.36,0,0,0,0,0,0,-1061,1871,1
3.029049873352051,0.0,50.0,0.0,0.0,-1.22,-0.03,88.09,570.36,0,0,0,0,0,0,-1061,1871,1
3.0497372150421143,0.0,50.0,0.0,0.0,-1.22,-0.03,88.1,570.36,0,0,0,0,0,0,-1061,1871,1
3.074532985687256,0.0,50.0,0.0,0.0,-1.22,-0.03,88.1,570.36,0,0,0,0,0,0,-1061,1871,1
3.0960891246795654,0.0,50.0,0.0,0.0,-1.22,-0.03,88.1,570.36,0,0,0,0,0,0,-1061,1871,1
3.1159234046936035,0.0,50.0,0.0,0.0,-1.22,-0.03,88.1,570.36,0,0,0,0,0,0,-1061,1871,1
3.1362879276275635,0.0,50.0,0.0,0.0,-1.22,-0.03,88.1,570.36,0,0,0,0,0,0,-1061,1871,1
3.156116247177124,0.0,50.0,0.0,0.0,-1.22,-0.03,88.1,570.36,0,0,0,0,0,0,-1061,1871,1
3.179114580154419,0.0,50.0,0.0,0.0,-1.22,-0.03,88.09,570.36,0,0,0,0,0,0,-1061,1871,1
3.1997172832489014,0.0,50.0,0.0,0.0,-1.22,-0.03,88.09,570.36,0,0,0,0,0,0,-1061,1871,1
3.2200703620910645,0.0,50.0,0.0,0.0,-1.22,-0.03,88.1,570.36,0,0,0,0,0,0,-1061,1871,1
3.240659713745117,0.0,50.0,0.0,0.0,-1.22,-0.03,88.1,570.36,0,0,0,0,0,0,-1061,1871,1
3.2606074810028076,0.0,50.0,0.0,0.0,-1.22,-0.03,88.1,570.36,0,0,0,0,0,0,-1061,1871,1
3.284437417984009,0.0,50.0,0.0,0.0,-1.22,-0.03,88.1,570.36,0,0,0,0,0,0,-1061,1871,1
3.3039441108703613,0.0,50.0,0.0,0.0,-1.22,-0.03,88.1,570.36,0,0,0,0,0,0,-1061,1871,1
3.3243627548217773,0.0,50.0,0.0,0.0,-1.23,-0.03,88.1,570.36,0,0,0,0,0,0,-1061,1871,1
3.3441925048828125,0.0,50.0,0.0,0.0,-1.23,-0.03,88.1,570.36,0,0,0,0,0,0,-1061,1871,1
3.36533522605896,0.0,50.0,0.0,0.0,-1.23,-0.03,88.1,570.36,0,0,0,0,0,0,-1061,1871,1
3.3870792388916016,0.0,50.0,0.0,0.0,-1.23,-0.03,88.1,570.36,0,0,0,0,0,0,-1061,1871,1
3.4198145866394043,0.0,50.0,0.0,0.0,-1.23,-0.03,88.1,570.36,0,0,0,0,0,0,-1061,1871,1
3.4430456161499023,0.0,50.0,0.0,0.0,-1.23,-0.03,88.1,570.36,0,0,0,0,0,0,-1061,1871,1
3.463056802749634,0.0,50.0,0.0,0.0,-1.23,-0.03,88.1,570.36,0,0,0,0,0,0,-1061,1871,1
3.486370801925659,0.0,50.0,0.0,0.0,-1.23,-0.03,88.1,570.36,0,0,0,0,0,0,-1061,1871,1
3.5072081089019775,0.0,50.0,0.0,0.0,-1.23,-0.03,88.11,570.36,0,0,0,0,0,0,-1061,1871,1
3.5270378589630127,0.0,50.0,0.0,0.0,-1.23,-0.03,88.11,570.36,0,0,0,0,0,0,-1061,1871,1
3.5470380783081055,0.0,50.0,0.0,0.0,-1.23,-0.03,88.11,570.36,0,0,0,0,0,0,-1061,1871,1
3.567390203475952,0.0,50.0,0.0,0.0,-1.23,-0.03,88.11,570.36,0,0,0,0,0,0,-1061,1871,1
3.5873875617980957,0.0,50.0,0.0,0.0,-1.23,-0.03,88.11,570.36,0,0,0,0,0,0,-1061,1871,1
3.6076014041900635,0.0,50.0,0.0,0.0,-1.23,-0.03,88.11,570.36,0,0,0,0,0,0,-1061,1871,1
3.6274023056030273,0.0,50.0,0.0,0.0,-1.23,-0.03,88.11,570.36,0,0,0,0,0,0,-1061,1871,1
3.650233030319214,0.0,50.0,0.0,0.0,-1.23,-0.03,88.11,570.36,0,0,0,0,0,0,-1061,1871,1
3.672170639038086,0.0,50.0,0.0,0.0,-1.23,-0.03,88.11,570.36,0,0,0,0,0,0,-1061,1871,1
3.6923084259033203,0.0,50.0,0.0,0.0,-1.23,-0.03,88.11,570.35,0,0,0,0,0,0,-1061,1871,1
3.7121102809906006,0.0,50.0,0.0,0.0,-1.23,-0.03,88.11,570.35,0,0,0,0,0,0,-1061,1871,1
3.7331204414367676,0.0,50.0,0.0,0.0,-1.23,-0.03,88.11,570.35,0,0,0,0,0,0,-1061,1871,1
3.7560408115386963,0.0,50.0,0.0,0.0,-1.23,-0.03,88.11,570.35,0,0,0,0,0,0,-1061,1871,1
3.77587628364563,0.0,50.0,0.0,0.0,-1.23,-0.03,88.11,570.35,0,0,0,0,0,0,-1061,1871,1
3.7955992221832275,0.0,50.0,0.0,0.0,-1.23,-0.03,88.11,570.35,0,0,0,0,0,0,-1061,1871,1
3.8169803619384766,0.0,50.0,0.0,0.0,-1.23,-0.03,88.11,570.35,0,0,0,0,0,0,-1061,1871,1
3.8372528553009033,0.0,50.0,0.0,0.0,-1.23,-0.03,88.11,570.35,0,0,0,0,0,0,-1061,1871,1
3.861646890640259,0.0,50.0,0.0,0.0,-1.23,-0.03,88.11,570.35,0,0,0,0,0,0,-1061,1871,1
3.881493330001831,0.0,50.0,0.0,0.0,-1.23,-0.03,88.11,570.35,0,0,0,0,0,0,-1061,1871,1
3.9014928340911865,0.0,50.0,0.0,0.0,-1.23,-0.03,88.12,570.35,0,0,0,0,0,0,-1061,1871,1
3.9213922023773193,0.0,50.0,0.0,0.0,-1.23,-0.03,88.12,570.35,0,0,0,0,0,0,-1061,1871,1
3.9417147636413574,0.0,50.0,0.0,0.0,-1.24,-0.03,88.12,570.35,0,0,0,0,0,0,-1061,1871,1
3.9637234210968018,0.0,50.0,0.0,0.0,-1.24,-0.03,88.12,570.35,0,0,0,0,0,0,-1061,1871,1
3.9854118824005127,0.0,50.0,0.0,0.0,-1.24,-0.03,88.12,570.35,0,0,0,0,0,0,-1061,1871,1
4.0058815479278564,0.0,50.0,0.0,0.0,-1.24,-0.03,88.12,570.36,0,0,0,0,0,0,-1061,1871,1
4.02518630027771,0.0,50.0,0.0,0.0,-1.24,-0.03,88.12,570.36,0,0,0,0,0,0,-1061,1871,1
4.0455262660980225,0.0,50.0,0.0,0.0,-1.24,-0.03,88.12,570.36,0,0,0,0,0,0,-1061,1871,1
4.068880558013916,0.0,50.0,0.0,0.0,-1.24,-0.03,88.12,570.36,0,0,0,0,0,0,-1061,1871,1
4.088895082473755,0.0,50.0,0.0,0.0,-1.24,-0.03,88.12,570.36,0,0,0,0,0,0,-1061,1871,1
4.108896255493164,0.0,50.0,0.0,0.0,-1.24,-0.03,88.12,570.36,0,0,0,0,0,0,-1061,1871,1
4.128901720046997,0.0,50.0,0.0,0.0,-1.24,-0.03,88.13,570.37,0,0,0,0,0,0,-1061,1871,1
4.149277687072754,0.0,50.0,0.0,0.0,-1.24,-0.03,88.13,570.37,0,0,0,0,0,0,-1061,1871,1
4.172677278518677,0.0,50.0,0.0,0.0,-1.24,-0.03,88.13,570.37,0,0,0,0,0,0,-1061,1871,1
4.193086624145508,0.0,50.0,0.0,0.0,-1.24,-0.03,88.13,570.38,0,0,0,0,0,0,-1061,1871,1
4.213672876358032,0.0,50.0,0.0,0.0,-1.24,-0.03,88.13,570.38,0,0,0,0,0,0,-1061,1871,1
4.233945369720459,0.0,50.0,0.0,0.0,-1.24,-0.03,88.13,570.38,0,0,0,0,0,0,-1061,1871,1
4.25497579574585,0.0,50.0,0.0,0.0,-1.24,-0.03,88.13,570.38,0,0,0,0,0,0,-1061,1871,1
4.277717351913452,0.0,50.0,0.0,0.0,-1.24,-0.03,88.13,570.38,0,0,0,0,0,0,-1061,1871,1
4.297844171524048,0.0,50.0,0.0,0.0,-1.24,-0.03,88.13,570.38,0,0,0,0,0,0,-1061,1871,1
4.317432403564453,0.0,50.0,0.0,0.0,-1.23,-0.03,88.13,570.37,0,0,0,0,0,0,-1061,1871,0
4.33866548538208,0.0,50.0,0.0,0.0,-1.23,-0.03,88.13,570.37,0,0,0,0,0,0,-1061,1871,0
4.3590898513793945,0.0,50.0,0.0,0.0,-1.23,-0.03,88.13,570.37,0,0,0,0,0,0,-1061,1871,0
4.384881973266602,0.0,50.0,0.0,0.0,-1.24,-0.02,88.13,570.37,2,3,0,0,0,0,-1061,1871,0
4.404358386993408,0.0,50.0,0.0,0.0,-1.16,0.02,88.13,570.19,2,3,0,0,0,0,-1061,1871,0
4.428256511688232,0.0,50.0,0.0,0.0,-1.16,0.02,88.13,570.19,0,-2,14,0,0,0,-1061,1871,1
4.447591543197632,0.0,50.0,0.0,0.0,-0.68,0.02,88.21,570.19,0,-2,14,0,0,0,-1061,1871,1
4.468334197998047,0.0,50.0,0.0,0.0,0.55,0.04,88.26,570.19,0,7,29,0,0,2,-1061,1871,1
4.492298603057861,0.0,50.0,0.0,0.0,0.55,0.04,88.26,570.19,48,13,48,2,1,4,-1061,1871,1
4.5135133266448975,0.0,50.0,0.0,0.0,2.2,0.05,88.55,570.2,56,16,43,3,1,5,-1061,1871,1
4.539759397506714,0.0,50.0,0.0,0.0,2.16,-0.06,88.66,570.2,56,16,43,3,1,5,-1061,1871,1
4.559208154678345,0.0,50.0,0.0,0.0,2.16,-0.06,88.66,570.2,82,26,16,6,2,5,-1061,1871,1
4.579817295074463,0.0,50.0,0.0,0.0,2.16,-0.06,88.66,570.2,64,38,38,6,3,6,-1060,1871,1
4.599820613861084,0.0,50.0,0.0,0.0,-0.6,0.84,88.08,569.28,23,46,34,6,4,7,-1060,1871,1
4.620240688323975,0.0,50.0,0.0,0.0,-0.6,0.84,88.08,569.28,-2,48,42,5,5,8,-1060,1872,1
4.6511945724487305,0.0,50.0,0.0,0.0,-1.03,1.15,87.88,569.28,-17,26,53,3,5,10,-1060,1872,2
4.6709465980529785,0.0,50.0,0.0,0.0,-1.03,1.15,87.88,569.28,-28,16,55,2,5,11,-1060,1872,2
4.696534872055054,0.0,50.0,0.0,0.0,-0.86,0.51,87.73,569.28,-26,41,57,2,6,13,-1060,1872,2
4.716534376144409,0.0,50.0,0.0,0.0,-0.86,0.51,87.73,569.28,-39,30,43,0,6,13,-1060,1872,2
4.736816644668579,0.0,50.0,0.0,0.0,-1.25,0.57,87.51,569.3,-39,30,43,0,6,13,-1060,1872,2
4.757499694824219,0.0,50.0,0.0,0.0,-1.58,0.66,87.37,569.3,15,10,23,1,5,14,-1060,1872,3
4.777536392211914,0.0,50.0,0.0,0.0,-1.58,0.66,87.37,569.3,15,10,23,1,5,14,-1060,1872,3
4.803191900253296,0.0,50.0,0.0,0.0,-1.24,0.48,87.24,569.3,-7,-12,38,0,4,16,-1060,1872,4
4.822605133056641,0.0,50.0,0.0,0.0,-1.24,0.48,87.24,569.3,-7,-12,38,0,4,16,-1060,1872,4
4.84430456161499,0.0,50.0,0.0,0.0,-1.37,0.52,87.22,570.24,-28,-24,46,0,3,17,-1060,1873,4
4.86526894569397,0.0,50.0,0.0,0.0,-1.37,0.52,87.22,570.24,-15,-50,28,0,0,17,-1060,1873,4
4.88535475730896,0.0,50.0,0.0,0.0,-0.94,0.39,87.2,570.24,-15,-50,28,0,0,17,-1060,1873,4
4.9065797328948975,0.0,50.0,0.0,0.0,-0.94,0.39,87.2,570.24,-15,-10,31,-1,1,18,-1060,1872,5
4.9272682666778564,0.0,50.0,0.0,0.0,-0.91,0.3,87.18,570.24,-77,7,35,-4,1,18,-1060,1873,5
4.949820280075073,0.0,50.0,0.0,0.0,-0.83,0.16,87.19,570.3,-57,5,36,-4,1,19,-1060,1873,5
4.969268798828125,0.0,50.0,0.0,0.0,-0.83,0.16,87.19,570.3,-23,14,40,-4,2,20,-1060,1873,6
4.989999532699585,0.0,50.0,0.0,0.0,-0.91,-0.23,87.19,570.3,-20,21,35,-4,2,21,-1060,1873,6
5.012266397476196,0.0,50.0,0.0,0.0,-0.91,-0.23,87.19,570.3,-54,15,24,-6,2,21,-1061,1873,7
5.031883478164673,0.0,50.0,0.0,0.0,-0.82,-0.29,87.19,570.3,-54,15,24,-6,2,21,-1061,1873,7
5.052064657211304,0.0,50.0,0.0,0.0,-0.73,-0.07,87.2,570.16,3,6,39,-5,2,24,-1061,1873,8
5.072628021240234,0.0,50.0,0.0,0.0,-0.73,-0.07,87.2,570.16,3,6,39,-5,2,24,-1061,1873,8
5.092844724655151,0.0,50.0,0.0,0.0,-0.73,-0.07,87.2,570.16,0,16,44,-5,3,25,-1061,1873,8
5.119202375411987,0.0,50.0,0.0,0.0,-0.73,-0.03,87.21,570.16,-40,13,53,-7,3,26,-1061,1873,9
5.139201879501343,0.0,50.0,0.0,0.0,-0.64,-0.06,87.22,570.16,-39,19,64,-7,3,28,-1061,1873,9
5.160201072692871,0.0,50.0,0.0,0.0,-0.64,-0.06,87.22,570.16,-54,22,56,-9,4,29,-1062,1873,10
5.181434392929077,0.0,50.0,0.0,0.0,-0.7,-0.15,87.24,570.18,-57,-105,60,-10,0,31,-1062,1873,11
5.201785564422607,0.0,50.0,0.0,0.0,-0.65,-0.45,87.26,570.18,-57,-105,60,-10,0,31,-1062,1873,11
5.224621295928955,0.0,50.0,0.0,0.0,-0.35,-0.85,87.27,570.27,-30,-31,70,-9,-1,34,-1062,1873,12
5.245142221450806,0.0,50.0,0.0,0.0,-0.35,-0.85,87.27,570.27,-26,-112,82,-9,-5,37,-1062,1873,13
5.265277624130249,0.0,50.0,0.0,0.0,-0.35,-0.85,87.27,570.27,-26,-112,82,-9,-5,37,-1062,1873,13
5.28491997718811,0.0,50.0,0.0,0.0,-0.35,-0.68,87.29,570.27,-24,-64,84,-9,-5,38,-1063,1873,14
5.3049280643463135,0.0,50.0,0.0,0.0,-0.35,-0.68,87.29,570.27,-18,-145,85,-9,-10,41,-1063,1872,15
5.325692176818848,0.0,50.0,0.0,0.0,-0.25,-0.53,87.29,570.27,-18,-145,85,-9,-10,41,-1063,1872,15
5.345717191696167,0.0,50.0,0.0,0.0,0.02,-0.83,87.25,570.29,-19,-37,94,-10,-10,46,-1063,1872,17
5.366047143936157,0.0,50.0,0.0,0.0,0.02,-0.83,87.25,570.29,-19,-37,94,-10,-10,46,-1063,1872,17
5.386767387390137,0.0,50.0,0.0,0.0,0.02,-0.83,87.25,570.29,-21,-106,94,-9,-13,47,-1063,1872,18
5.406723737716675,0.0,50.0,0.0,0.0,-0.03,-0.79,87.23,570.29,-11,-70,90,-9,-13,50,-1063,1871,20
5.433915138244629,0.0,50.0,0.0,0.0,-0.03,-0.68,87.24,570.29,-19,-76,84,-9,-14,51,-1064,1871,21
5.454422950744629,0.0,50.0,0.0,0.0,0.36,-0.81,87.16,570.35,-11,-33,84,-9,-14,53,-1064,1871,22
5.484474182128906,0.0,50.0,0.0,0.0,0.32,-0.81,87.21,570.35,-5,-5,54,-8,-12,56,-1064,1870,24
5.504238128662109,0.0,50.0,0.0,0.0,0.14,-0.51,87.27,570.35,-3,4,10,-8,-11,55,-1064,1870,26
5.5265772342681885,0.0,50.0,0.0,0.0,0.14,-0.51,87.27,570.35,-4,-7,0,-8,-10,55,-1064,1870,27
5.5460429191589355,0.0,50.0,0.0,0.0,0.14,-0.51,87.27,570.35,-4,-7,0,-8,-10,55,-1064,1870,27
5.566818475723267,0.0,50.0,0.0,0.0,-0.01,-0.45,87.31,570.37,-70,-78,-12,-11,-11,54,-1065,1869,29
5.6011693477630615,0.0,50.0,0.0,0.0,0.42,-0.93,87.25,570.37,-81,-22,-10,-13,-9,54,-1065,1869,31
5.620797395706177,0.0,50.0,0.0,0.0,0.26,-0.86,87.27,570.37,-59,13,-28,-13,-6,53,-1065,1869,32
5.644864559173584,0.0,50.0,0.0,0.0,0.04,-0.53,87.33,570.52,-48,-14,-56,-13,-5,50,-1065,1869,33
5.66485857963562,0.0,50.0,0.0,0.0,0.04,-0.53,87.33,570.52,-48,-9,-44,-14,-3,50,-1065,1869,34
5.696662902832031,0.0,50.0,0.0,0.0,0.11,-0.94,87.3,570.52,3,-11,-54,-12,-2,48,-1066,1869,36
5.717214345932007,0.0,50.0,0.0,0.0,0.11,-0.94,87.3,570.52,22,2,-61,-10,0,46,-1066,1869,37
5.748291492462158,0.0,50.0,0.0,0.0,-0.07,-1.31,87.36,570.52,13,19,-37,-10,2,46,-1066,1870,38
5.770046710968018,0.0,50.0,0.0,0.0,-0.08,-0.91,87.43,570.51,10,-72,-19,-9,0,46,-1066,1870,39
5.801299810409546,0.0,50.0,0.0,0.0,-0.21,-0.84,87.5,570.51,0,-8,-75,-9,2,43,-1066,1870,40
5.822140455245972,0.0,50.0,0.0,0.0,-0.21,-0.84,87.5,570.51,-11,10,-78,-10,4,41,-1066,1870,41
5.858275890350342,0.0,50.0,0.0,0.0,-0.63,-1.05,87.68,570.68,-75,-7,-69,-14,5,38,-1067,1871,43
5.878169536590576,0.0,50.0,0.0,0.0,-0.63,-1.05,87.68,570.68,-75,-7,-69,-14,5,38,-1067,1871,43
5.902159690856934,0.0,50.0,0.0,0.0,-0.95,-1.37,88.19,570.68,-65,-24,-55,-16,6,37,-1067,1872,44
5.922260999679565,0.0,50.0,0.0,0.0,-0.95,-1.37,88.19,570.68,-25,-22,-50,-14,7,36,-1067,1872,45
5.942339658737183,0.0,50.0,0.0,0.0,-0.86,-1.08,88.49,570.69,0,-78,-62,-14,5,35,-1068,1872,46
5.96197247505188,0.0,50.0,0.0,0.0,-0.86,-1.08,88.49,570.69,60,-28,-82,-10,7,32,-1068,1873,47
5.9826576709747314,0.0,50.0,0.0,0.0,-0.86,-1.08,88.49,570.69,60,-28,-82,-10,7,32,-1068,1873,47
6.008657217025757,0.0,50.0,0.0,0.0,-1.17,-1.23,88.74,570.69,-7,-7,-170,-12,10,23,-1068,1874,48
6.028681516647339,0.0,50.0,0.0,0.0,-1.76,-1.87,88.97,570.69,-7,-7,-170,-12,10,23,-1068,1874,48
6.049405336380005,0.0,50.0,0.0,0.0,-1.76,-1.87,88.97,570.69,5,-74,-207,-11,8,18,-1068,1874,49
6.069737434387207,0.0,50.0,0.0,0.0,-1.65,-1.9,89.11,570.83,0,-72,-266,-12,8,8,-1069,1875,49
6.089428186416626,0.0,50.0,0.0,0.0,-1.97,-1.95,89.26,570.83,6,-40,-263,-12,10,3,-1069,1876,50
6.110952377319336,0.0,50.0,0.0,0.0,-1.97,-1.95,89.26,570.83,1,-33,-273,-12,11,-3,-1069,1876,50
6.131178379058838,0.0,50.0,0.0,0.0,-1.94,-1.91,89.23,570.83,7,-112,-261,-12,8,-8,-1069,1877,50
6.151167869567871,0.0,50.0,0.0,0.0,-1.94,-1.91,89.23,570.83,-31,-51,-244,-13,10,-15,-1070,1877,50
6.171574592590332,0.0,50.0,0.0,0.0,-1.98,-2.1,89.36,570.84,-31,-51,-244,-13,10,-15,-1070,1877,50
6.191201448440552,0.0,50.0,0.0,0.0,-2.32,-2.49,89.44,570.84,-17,-30,-223,-13,12,-18,-1070,1878,49
6.214628219604492,0.0,50.0,0.0,0.0,-2.32,-2.49,89.44,570.84,-27,-33,-198,-14,13,-23,-1070,1879,49
6.234277248382568,0.0,50.0,0.0,0.0,-2.32,-2.49,89.44,570.84,-372,-359,-1000,-29,0,-64,-1071,1879,48
6.254642486572266,0.0,50.0,0.0,0.0,-7.24,-1.86,98.8,570.84,-355,-819,-1000,-40,-36,-97,-1072,1879,46
6.2748939990997314,0.0,50.0,0.0,0.0,-16.89,7.76,119.32,570.82,-136,557,-1000,-38,13,-130,-1072,1879,43
6.294885158538818,0.0,50.0,0.0,0.0,-16.89,7.76,119.32,570.82,-136,557,-1000,-38,13,-130,-1072,1879,43
6.327398777008057,0.0,50.0,0.0,0.0,-19.19,20.88,128.21,570.82,-386,124,-1000,-61,7,-130,-1074,1880,38
6.346806287765503,0.0,50.0,0.0,0.0,-14.14,35.02,135.04,570.82,-432,-155,-582,-90,-2,-130,-1078,1880,27
6.378081321716309,0.0,50.0,0.0,0.0,-10.86,43.29,138.54,570.82,-514,-173,-446,-105,-3,-130,-1081,1881,22
6.397788763046265,0.0,50.0,0.0,0.0,-10.86,43.29,138.54,570.82,-733,-159,-477,-130,-3,-130,-1085,1881,16
6.42631459236145,0.0,50.0,0.0,0.0,-9.42,51.76,141.21,570.82,-781,-160,-425,-130,-3,-130,-1088,1881,11
6.447226524353027,0.0,50.0,0.0,0.0,-9.42,51.76,141.21,570.82,-820,-175,-413,-130,-5,-130,-1094,1882,4
6.469102382659912,0.0,50.0,0.0,0.0,-17.37,55.88,134.85,570.59,-822,-201,-406,-130,-8,-130,-1098,1882,0
6.489097833633423,0.0,50.0,0.0,0.0,-17.37,55.88,134.85,570.59,-821,-223,-406,-130,-12,-130,-1102,1882,-6
6.509398460388184,0.0,50.0,0.0,0.0,-17.37,55.88,134.85,570.59,-785,-278,-422,-130,-21,-130,-1108,1882,-13
6.53739857673645,0.0,50.0,0.0,0.0,-23.76,52.64,127.54,570.59,-769,-323,-395,-130,-28,-130,-1113,1882,-18
6.557404041290283,0.0,50.0,0.0,0.0,-28.59,44.59,119.26,570.59,-769,-323,-395,-130,-28,-130,-1113,1882,-18
6.585400819778442,0.0,50.0,0.0,0.0,-28.14,34.24,114.1,570.62,-739,-419,-337,-130,-49,-130,-1124,1881,-31
6.605400562286377,0.0,50.0,0.0,0.0,-28.14,34.24,114.1,570.62,-635,-424,-234,-130,-60,-130,-1130,1880,-38
6.630401134490967,0.0,50.0,0.0,0.0,-23.12,23.61,110.33,570.62,-638,-406,-136,-130,-67,-130,-1135,1879,-43
6.650437116622925,0.0,50.0,0.0,0.0,-23.12,23.61,110.33,570.62,-638,-406,-136,-130,-67,-130,-1135,1879,-43
6.67040491104126,0.0,50.0,0.0,0.0,-15.12,12.08,106.45,570.62,-613,-334,-2,-130,-72,-130,-1141,1877,-49
6.691437244415283,0.0,50.0,0.0,0.0,-7.03,2.55,102.15,570.38,-601,-257,108,-130,-73,-130,-1145,1876,-53
6.71239972114563,0.0,50.0,0.0,0.0,-7.03,2.55,102.15,570.38,-274,-114,280,-130,-69,-130,-1151,1874,-58
6.733827352523804,0.0,50.0,0.0,0.0,-7.03,2.55,102.15,570.38,-164,-28,359,-130,-64,-130,-1154,1873,-62
6.753793716430664,0.0,50.0,0.0,0.0,5.79,-6.41,94.21,570.38,-15,0,43,-203,-50,15,-1162,1872,44
6.773791790008545,0.0,50.0,0.0,0.0,5.79,-6.41,94.21,570.38,-15,0,43,-203,-50,15,-1162,1872,44
6.807241678237915,0.0,50.0,0.0,0.0,16.15,-8.14,88.99,570.39,74,368,-124,-185,-37,12,-1166,1871,43
6.827486991882324,0.0,50.0,0.0,0.0,16.15,-8.14,88.99,570.39,-281,338,-219,-177,-26,8,-1168,1871,43
6.851582765579224,0.0,50.0,0.0,0.0,29.01,-5.98,83.42,570.39,-281,338,-219,-177,-26,8,-1168,1871,43
6.871196269989014,0.0,50.0,0.0,0.0,29.01,-5.98,83.42,570.39,-160,437,-734,-168,-8,-1,-1171,1872,42
6.892190933227539,0.0,50.0,0.0,0.0,29.01,-5.98,83.42,570.39,0,935,-1051,-171,0,-1,-1174,1872,42
6.912662744522095,0.0,50.0,0.0,0.0,14.6,-18.13,78.93,569.49,641,484,-48,-144,24,-28,-1176,1873,40
6.932919502258301,0.0,50.0,0.0,0.0,14.6,-18.13,78.93,569.49,29,191,-772,-135,23,-40,-1178,1874,39
6.964917421340942,0.0,50.0,0.0,0.0,20.51,-17.59,77.29,569.49,166,68,-596,-119,23,-58,-1179,1875,36
6.9849162101745605,0.0,50.0,0.0,0.0,20.51,-17.59,77.29,569.49,-52,190,-702,-112,25,-72,-1180,1876,34
7.0069580078125,0.0,50.0,0.0,0.0,20.77,-11.5,78.79,569.62,-746,84,-364,-116,30,-80,-1181,1877,31
7.026918172836304,0.0,50.0,0.0,0.0,20.77,-11.5,78.79,569.62,-365,-55,149,-114,31,-88,-1182,1878,29
7.048918962478638,0.0,50.0,0.0,0.0,6.15,-5.43,79.7,569.62,-1548,1051,-348,-134,39,-91,-1183,1879,27
7.068918943405151,0.0,50.0,0.0,0.0,9.61,-7.24,79.21,569.62,-20,-423,-59,-148,53,-103,-1185,1881,23
7.088917016983032,0.0,50.0,0.0,0.0,9.61,-7.24,79.21,569.62,131,291,-462,-140,49,-110,-1186,1882,21
7.117919921875,0.0,50.0,0.0,0.0,10.22,-10.4,76.92,569.76,-178,379,-20,-129,58,-117,-1188,1884,17
7.137917757034302,0.0,50.0,0.0,0.0,9.97,-10.28,76.16,569.76,248,519,-38,-119,66,-118,-1188,1886,14
7.160954475402832,0.0,50.0,0.0,0.0,9.97,-10.28,76.16,569.76,191,476,-204,-105,75,-124,-1189,1888,11
7.180917024612427,0.0,50.0,0.0,0.0,9.74,-9.92,75.11,569.76,185,475,-149,-95,82,-125,-1190,1890,8
7.201916456222534,0.0,50.0,0.0,0.0,9.6,-9.38,73.87,569.85,145,435,-243,-82,92,-128,-1190,1892,4
7.222021579742432,0.0,50.0,0.0,0.0,9.6,-9.38,73.87,569.85,145,435,-243,-82,92,-128,-1190,1892,4
7.2430195808410645,0.0,50.0,0.0,0.0,9.47,-8.65,72.11,569.85,181,628,-45,-61,111,-132,-1189,1898,-2
7.268600940704346,0.0,50.0,0.0,0.0,8.89,-8.59,69.96,569.85,181,628,-45,-61,111,-132,-1189,1898,-2
7.2896034717559814,0.0,50.0,0.0,0.0,8.89,-8.59,69.96,569.85,129,572,-88,-44,126,-138,-1188,1903,-8
7.3176023960113525,0.0,50.0,0.0,0.0,8.95,-8.05,67.31,570.08,129,572,-88,-44,126,-138,-1188,1903,-8
7.3386008739471436,0.0,50.0,0.0,0.0,9.26,-7.47,63.78,570.08,236,733,154,-38,131,-141,-1187,1905,-10
7.358606338500977,0.0,50.0,0.0,0.0,9.26,-7.47,63.78,570.08,99,465,-132,-30,137,-141,-1185,1909,-14
7.379112005233765,0.0,50.0,0.0,0.0,9.26,-7.47,63.78,570.08,99,465,-132,-30,137,-141,-1185,1909,-14
7.399113655090332,0.0,50.0,0.0,0.0,9.21,-6.96,60.83,570.08,164,644,-56,-17,150,-144,-1183,1915,-20
7.427119493484497,0.0,50.0,0.0,0.0,9.24,-6.13,55.9,570.11,0,534,-104,-15,155,-144,-1182,1918,-22
7.447436094284058,0.0,50.0,0.0,0.0,9.24,-6.13,55.9,570.11,-44,486,-115,-12,159,-145,-1180,1921,-26
7.4690117835998535,0.0,50.0,0.0,0.0,9.38,-5.27,50.76,570.11,-44,499,15,-12,162,-145,-1179,1924,-28
7.488997220993042,0.0,50.0,0.0,0.0,9.48,-4.3,44.08,570.11,-44,499,15,-12,162,-145,-1179,1924,-28
7.510211706161499,0.0,50.0,0.0,0.0,9.48,-4.3,44.08,570.11,-97,485,-77,-10,166,-145,-1176,1930,-34
7.531961679458618,0.0,50.0,0.0,0.0,9.54,-3.52,38.93,570.28,-97,485,-77,-10,166,-145,-1176,1930,-34
7.552555561065674,0.0,50.0,0.0,0.0,9.54,-3.52,38.93,570.28,-196,513,-52,-13,170,-145,-1174,1934,-37
7.573554277420044,0.0,50.0,0.0,0.0,9.44,-2.49,30.98,570.28,-162,458,-119,-14,171,-147,-1173,1937,-39
7.595566034317017,0.0,50.0,0.0,0.0,9.44,-2.49,30.98,570.28,-198,447,-98,-16,173,-147,-1172,1939,-41
7.61579442024231,0.0,50.0,0.0,0.0,9.37,-1.38,23.44,570.28,-198,447,-98,-16,173,-147,-1172,1939,-41
7.648165225982666,0.0,50.0,0.0,0.0,9.24,-0.59,17.92,570.28,-161,343,-67,-22,173,-148,-1170,1945,-46
7.6681647300720215,0.0,50.0,0.0,0.0,9.05,-0.13,14.52,570.28,-159,337,-28,-23,171,-147,-1169,1949,-49
7.691163539886475,0.0,50.0,0.0,0.0,9.05,-0.13,14.52,570.28,-148,284,-43,-24,170,-147,-1168,1951,-51
7.711926698684692,0.0,50.0,0.0,0.0,9.05,0.0,14.24,570.32,82,113,-57,-21,163,-146,-1167,1954,-53
7.745941162109375,0.0,50.0,0.0,0.0,8.88,-0.02,14.26,570.32,0,198,-2,-19,159,-145,-1166,1956,-55
7.7666826248168945,0.0,50.0,0.0,0.0,8.88,-0.02,14.26,570.32,-11,170,-7,-16,153,-143,-1165,1959,-57
7.807473659515381,0.0,50.0,0.0,0.0,8.77,-0.02,14.27,570.32,-13,162,0,-15,149,-142,-1164,1961,-59
7.827697277069092,0.0,50.0,0.0,0.0,8.64,0.01,14.25,570.31,21,177,-17,-12,144,-141,-1163,1963,-61
7.855836629867554,0.0,50.0,0.0,0.0,8.64,0.01,14.25,570.31,5,170,-17,-10,140,-140,-1162,1964,-63
7.875863313674927,0.0,50.0,0.0,0.0,8.49,0.0,14.27,570.31,-5,152,-6,-8,135,-139,-1160,1966,-65
7.908859729766846,0.0,50.0,0.0,0.0,8.49,0.0,14.27,570.31,0,164,-3,-7,131,-137,-1160,1967,-66
7.9290406703948975,0.0,50.0,0.0,0.0,8.38,-0.01,14.28,570.31,5,161,-14,-5,126,-136,-1158,1969,-68
7.9609949588775635,0.0,50.0,0.0,0.0,8.23,0.0,14.27,570.31,-7,159,-3,-4,123,-135,-1157,1970,-70
7.981157064437866,0.0,50.0,0.0,0.0,8.09,0.0,14.27,570.34,-1,158,-7,-1,115,-132,-1155,1972,-73
8.009520053863525,0.0,50.0,0.0,0.0,8.09,0.0,14.27,570.34,-1,158,-7,-1,115,-132,-1155,1972,-73
8.030524492263794,0.0,50.0,0.0,0.0,7.98,0.02,14.27,570.34,14,143,-16,0,111,-130,-1154,1973,-74
8.062368392944336,0.0,50.0,0.0,0.0,7.98,0.02,14.27,570.34,0,159,-6,1,108,-129,-1153,1974,-75
8.083369493484497,0.0,50.0,0.0,0.0,7.88,0.03,14.28,570.33,6,143,-13,2,104,-127,-1151,1975,-77
8.109290838241577,0.0,50.0,0.0,0.0,7.75,0.03,14.28,570.33,0,153,-4,3,101,-125,-1150,1975,-78
8.129284381866455,0.0,50.0,0.0,0.0,7.6,0.02,14.28,570.33,0,150,-8,4,98,-124,-1149,1976,-79
8.150328159332275,0.0,50.0,0.0,0.0,7.6,0.02,14.28,570.33,0,150,-8,4,98,-124,-1149,1976,-79
8.170339345932007,0.0,50.0,0.0,0.0,7.51,0.02,14.28,570.34,4,146,-10,5,95,-122,-1148,1976,-80
8.190324068069458,0.0,50.0,0.0,0.0,7.51,0.02,14.28,570.34,0,145,-4,5,93,-121,-1147,1976,-81
8.218943119049072,0.0,50.0,0.0,0.0,7.38,0.02,14.29,570.34,0,145,-6,6,89,-119,-1146,1976,-82
8.238664388656616,0.0,50.0,0.0,0.0,7.25,0.02,14.29,570.34,4,141,-11,7,87,-117,-1145,1977,-82
8.259661674499512,0.0,50.0,0.0,0.0,7.25,0.02,14.29,570.34,0,144,-4,7,84,-115,-1143,1977,-83
8.279643058776855,0.0,50.0,0.0,0.0,7.11,0.01,14.29,570.32,2,134,-13,8,79,-111,-1141,1977,-85
8.299854755401611,0.0,50.0,0.0,0.0,7.11,0.01,14.29,570.32,2,134,-13,8,79,-111,-1141,1977,-85
8.320115804672241,0.0,50.0,0.0,0.0,7.01,0.01,14.29,570.32,0,141,-6,9,77,-110,-1140,1977,-85
8.341041326522827,0.0,50.0,0.0,0.0,6.88,0.01,14.29,570.32,0,132,-4,9,74,-107,-1139,1976,-86
8.361092805862427,0.0,50.0,0.0,0.0,6.77,0.01,14.3,570.35,0,137,-10,10,72,-106,-1138,1976,-86
8.384088516235352,0.0,50.0,0.0,0.0,6.77,0.01,14.3,570.35,0,127,-2,10,70,-104,-1137,1976,-87
8.40463900566101,0.0,50.0,0.0,0.0,6.67,0.01,14.3,570.35,0,130,-10,10,66,-100,-1135,1975,-87
8.425635576248169,0.0,50.0,0.0,0.0,6.67,0.01,14.3,570.35,0,130,-10,10,66,-100,-1135,1975,-87
8.445637702941895,0.0,50.0,0.0,0.0,6.56,0.01,14.3,570.35,0,127,-5,11,64,-98,-1134,1975,-88
8.465282917022705,0.0,50.0,0.0,0.0,6.56,0.01,14.3,570.35,2,126,-9,11,62,-96,-1133,1975,-88
8.485949039459229,0.0,50.0,0.0,0.0,6.44,0.02,14.31,570.35,0,127,-4,11,60,-94,-1132,1974,-88
8.505847215652466,0.0,50.0,0.0,0.0,6.32,0.01,14.31,570.35,0,121,-1,11,58,-92,-1131,1974,-88
8.530903577804565,0.0,50.0,0.0,0.0,6.23,0.01,14.32,570.35,0,124,-4,11,57,-90,-1131,1973,-88
8.552366256713867,0.0,50.0,0.0,0.0,6.23,0.01,14.32,570.35,0,123,-4,11,55,-87,-1130,1973,-88
8.57636570930481,0.0,50.0,0.0,0.0,6.12,0.01,14.32,570.37,0,121,-3,11,54,-86,-1129,1972,-88
8.596368551254272,0.0,50.0,0.0,0.0,6.12,0.01,14.32,570.37,0,121,-4,11,52,-83,-1128,1972,-88
8.61736536026001,0.0,50.0,0.0,0.0,6.01,0.01,14.32,570.37,0,121,-4,11,52,-83,-1128,1972,-88
8.64082145690918,0.0,50.0,0.0,0.0,5.93,0.01,14.33,570.37,0,121,-5,11,49,-80,-1126,1971,-88
8.66087794303894,0.0,50.0,0.0,0.0,5.93,0.01,14.33,570.37,0,121,-5,11,49,-80,-1126,1971,-88
8.681824445724487,0.0,50.0,0.0,0.0,5.82,0.01,14.33,570.38,0,118,-3,11,48,-78,-1126,1970,-87
8.701819658279419,0.0,50.0,0.0,0.0,5.82,0.01,14.33,570.38,0,117,-2,11,47,-76,-1125,1969,-87
8.721821784973145,0.0,50.0,0.0,0.0,5.72,0.01,14.33,570.38,0,116,-5,11,45,-74,-1124,1969,-87
8.743821382522583,0.0,50.0,0.0,0.0,5.72,0.01,14.33,570.38,0,116,-1,11,44,-72,-1123,1968,-86
8.764824628829956,0.0,50.0,0.0,0.0,5.61,0.01,14.33,570.38,0,115,-3,11,43,-69,-1123,1967,-86
8.786824703216553,0.0,50.0,0.0,0.0,5.53,0.01,14.34,570.38,0,113,-3,11,42,-68,-1122,1967,-86
8.806821584701538,0.0,50.0,0.0,0.0,5.53,0.01,14.34,570.38,0,113,-3,11,42,-68,-1122,1967,-86
8.826823472976685,0.0,50.0,0.0,0.0,5.43,0.01,14.34,570.38,0,111,-2,10,40,-64,-1121,1965,-85
8.846825122833252,0.0,50.0,0.0,0.0,5.32,0.01,14.34,570.36,0,111,-2,10,40,-64,-1121,1965,-85
8.866819858551025,0.0,50.0,0.0,0.0,5.32,0.01,14.34,570.36,0,109,-4,10,38,-60,-1119,1964,-83
8.887775421142578,0.0,50.0,0.0,0.0,5.32,0.01,14.34,570.36,0,109,-4,10,38,-60,-1119,1964,-83
8.908775568008423,0.0,50.0,0.0,0.0,5.25,0.01,14.35,570.36,0,107,-3,10,37,-58,-1119,1963,-83
8.928776025772095,0.0,50.0,0.0,0.0,5.17,0.01,14.35,570.36,0,107,-3,10,37,-58,-1119,1963,-83
8.95477294921875,0.0,50.0,0.0,0.0,5.17,0.01,14.35,570.36,0,107,-2,10,37,-56,-1118,1962,-82
8.974808931350708,0.0,50.0,0.0,0.0,5.08,0.0,14.35,570.38,0,104,-2,9,35,-52,-1117,1961,-81
9.00377368927002,0.0,50.0,0.0,0.0,5.0,0.0,14.36,570.38,0,104,-1,9,34,-51,-1117,1960,-80
9.02377200126648,0.0,50.0,0.0,0.0,5.0,0.0,14.36,570.38,0,101,-3,9,34,-49,-1117,1960,-80
9.04377031326294,0.0,50.0,0.0,0.0,4.93,0.0,14.36,570.38,0,101,-3,9,34,-49,-1117,1960,-80
9.063770771026611,0.0,50.0,0.0,0.0,4.93,0.0,14.36,570.38,0,103,-1,9,33,-48,-1116,1959,-79
9.083775043487549,0.0,50.0,0.0,0.0,4.83,0.0,14.36,570.38,0,102,-2,9,32,-46,-1116,1958,-78
9.108771800994873,0.0,50.0,0.0,0.0,4.77,0.0,14.37,570.37,0,100,-2,8,32,-44,-1115,1958,-78
9.129772186279297,0.0,50.0,0.0,0.0,4.69,0.0,14.37,570.37,0,99,-1,8,31,-42,-1115,1957,-77
9.151774406433105,0.0,50.0,0.0,0.0,4.69,0.0,14.37,570.37,0,100,-1,8,31,-41,-1114,1956,-76
9.172772407531738,0.0,50.0,0.0,0.0,4.69,0.0,14.37,570.37,0,98,-1,8,30,-39,-1114,1956,-75
9.192976236343384,0.0,50.0,0.0,0.0,4.61,0.0,14.37,570.37,0,96,-3,8,30,-37,-1114,1955,-74
9.214013576507568,0.0,50.0,0.0,0.0,4.53,0.0,14.37,570.37,0,96,0,8,29,-36,-1113,1954,-74
9.233976125717163,0.0,50.0,0.0,0.0,4.53,0.0,14.37,570.37,0,96,0,8,29,-36,-1113,1954,-74
9.255975008010864,0.0,50.0,0.0,0.0,4.47,0.0,14.37,570.37,0,94,-1,7,28,-33,-1113,1953,-72
9.276976346969604,0.0,50.0,0.0,0.0,4.38,0.0,14.38,570.37,0,93,-2,7,28,-31,-1112,1952,-71
9.296980381011963,0.0,50.0,0.0,0.0,4.38,0.0,14.38,570.37,0,93,-2,7,27,-29,-1112,1952,-70
9.317009687423706,0.0,50.0,0.0,0.0,4.32,0.0,14.38,570.37,0,93,-2,7,27,-29,-1112,1952,-70
9.337976694107056,0.0,50.0,0.0,0.0,4.24,0.0,14.38,570.37,0,90,-1,7,26,-27,-1111,1951,-68
9.357975721359253,0.0,50.0,0.0,0.0,4.24,0.0,14.38,570.37,0,90,-1,7,26,-27,-1111,1951,-68
9.377976179122925,0.0,50.0,0.0,0.0,4.17,0.0,14.38,570.37,0,90,-1,6,26,-25,-1111,1950,-68
9.39797306060791,0.0,50.0,0.0,0.0,4.17,0.0,14.38,570.37,0,89,-1,6,26,-23,-1111,1949,-66
9.422013521194458,0.0,50.0,0.0,0.0,4.1,0.0,14.39,570.37,0,88,0,6,25,-22,-1111,1949,-65
9.442011833190918,0.0,50.0,0.0,0.0,4.1,0.0,14.39,570.37,0,88,0,6,25,-21,-1110,1948,-65
9.462979793548584,0.0,50.0,0.0,0.0,4.04,0.0,14.39,570.37,0,86,-1,6,25,-20,-1110,1947,-64
9.48397421836853,0.0,50.0,0.0,0.0,3.96,0.0,14.39,570.37,0,84,0,6,24,-18,-1110,1947,-62
9.504976272583008,0.0,50.0,0.0,0.0,3.96,0.0,14.39,570.37,0,84,0,6,24,-18,-1110,1947,-62
9.526013851165771,0.0,50.0,0.0,0.0,3.9,0.0,14.39,570.36,0,85,0,5,23,-15,-1109,1946,-61
9.545973777770996,0.0,50.0,0.0,0.0,3.9,0.0,14.39,570.36,0,85,0,5,23,-15,-1109,1946,-61
9.566420316696167,0.0,50.0,0.0,0.0,3.84,0.0,14.4,570.36,0,84,0,5,23,-14,-1109,1945,-60
9.586419105529785,0.0,50.0,0.0,0.0,3.84,0.0,14.4,570.36,0,84,0,5,23,-13,-1109,1944,-59
9.606722354888916,0.0,50.0,0.0,0.0,3.78,0.0,14.4,570.36,0,82,-2,5,23,-11,-1109,1944,-57
9.628720760345459,0.0,50.0,0.0,0.0,3.7,0.0,14.4,570.35,0,82,0,5,22,-10,-1109,1943,-56
9.64903450012207,0.0,50.0,0.0,0.0,3.7,0.0,14.4,570.35,0,82,0,5,22,-10,-1109,1943,-56
9.669838428497314,0.0,50.0,0.0,0.0,3.65,0.0,14.41,570.35,0,79,-1,4,22,-8,-1108,1942,-55
9.689608812332153,0.0,50.0,0.0,0.0,3.59,0.0,14.41,570.35,0,79,-1,4,22,-8,-1108,1942,-55
9.709984302520752,0.0,50.0,0.0,0.0,3.59,0.0,14.41,570.35,0,79,0,4,22,-7,-1108,1942,-54
9.736340045928955,0.0,50.0,0.0,0.0,3.52,0.0,14.41,570.35,0,78,0,4,21,-4,-1108,1941,-51
9.756551504135132,0.0,50.0,0.0,0.0,3.46,0.0,14.41,570.36,0,78,0,4,21,-4,-1108,1941,-51
9.778684616088867,0.0,50.0,0.0,0.0,3.46,0.0,14.41,570.36,0,77,0,4,21,-3,-1108,1940,-50
9.799653053283691,0.0,50.0,0.0,0.0,3.41,0.0,14.42,570.36,0,77,0,4,21,-2,-1107,1940,-49
9.81965184211731,0.0,50.0,0.0,0.0,3.41,0.0,14.42,570.36,0,77,0,4,21,-2,-1107,1940,-49
9.841651916503906,0.0,50.0,0.0,0.0,3.34,0.0,14.42,570.36,0,76,0,3,20,-1,-1107,1939,-48
9.862653970718384,0.0,50.0,0.0,0.0,3.34,0.0,14.42,570.36,0,75,-2,3,20,0,-1107,1938,-47
9.885658502578735,0.0,50.0,0.0,0.0,3.29,0.0,14.42,570.36,0,73,0,3,20,1,-1107,1938,-45
9.905651807785034,0.0,50.0,0.0,0.0,3.29,0.0,14.42,570.36,0,73,0,3,20,1,-1107,1938,-45
9.926651000976562,0.0,50.0,0.0,0.0,3.23,0.0,14.43,570.36,0,73,0,3,20,2,-1107,1937,-44
9.94679880142212,0.0,50.0,0.0,0.0,3.23,0.0,14.43,570.36,0,73,0,3,20,2,-1107,1937,-44
9.966761589050293,0.0,50.0,0.0,0.0,3.17,0.0,14.43,570.36,0,72,0,3,19,3,-1107,1936,-43
9.987758874893188,0.0,50.0,0.0,0.0,3.17,0.0,14.43,570.36,0,71,0,3,19,4,-1107,1936,-42
10.007762908935547,0.0,50.0,0.0,0.0,3.11,0.0,14.43,570.36,0,71,0,3,19,4,-1107,1936,-42
10.028766870498657,0.0,50.0,0.0,0.0,3.11,0.0,14.43,570.36,0,71,0,3,19,6,-1106,1935,-40
10.051795959472656,0.0,50.0,0.0,0.0,3.06,0.0,14.43,570.36,0,71,0,3,19,6,-1106,1935,-40
10.071760416030884,0.0,50.0,0.0,0.0,3.06,0.0,14.43,570.36,0,70,0,2,19,7,-1106,1935,-39
10.091796875,0.0,50.0,0.0,0.0,2.99,0.0,14.44,570.36,0,68,0,2,18,9,-1106,1934,-37
10.112760782241821,0.0,50.0,0.0,0.0,2.95,0.0,14.44,570.37,0,68,0,2,18,9,-1106,1934,-37
10.132797956466675,0.0,50.0,0.0,0.0,2.95,0.0,14.44,570.37,0,69,0,2,18,10,-1106,1933,-36
10.160764694213867,0.0,50.0,0.0,0.0,2.9,0.0,14.44,570.37,0,67,0,2,18,10,-1106,1933,-35
10.180762767791748,0.0,50.0,0.0,0.0,2.9,0.0,14.44,570.37,0,67,0,2,18,10,-1106,1933,-35
10.202759981155396,0.0,50.0,0.0,0.0,2.84,0.0,14.44,570.37,0,66,0,2,18,12,-1106,1932,-32
10.222940921783447,0.0,50.0,0.0,0.0,2.79,0.0,14.45,570.36,0,65,0,2,17,13,-1106,1932,-32
10.243250131607056,0.0,50.0,0.0,0.0,2.79,0.0,14.45,570.36,0,65,0,2,17,13,-1106,1932,-32
10.262824296951294,0.0,50.0,0.0,0.0,2.74,0.0,14.45,570.36,0,64,0,2,17,14,-1106,1931,-30
10.283161401748657,0.0,50.0,0.0,0.0,2.74,0.0,14.45,570.36,0,64,0,2,17,14,-1106,1931,-30
10.304140090942383,0.0,50.0,0.0,0.0,2.7,0.0,14.45,570.36,0,64,0,2,17,14,-1106,1931,-30
10.32528567314148,0.0,50.0,0.0,0.0,2.65,0.0,14.46,570.36,0,64,0,1,17,15,-1106,1930,-28
10.344873428344727,0.0,50.0,0.0,0.0,2.65,0.0,14.46,570.36,0,64,0,1,17,16,-1105,1930,-27
10.367870569229126,0.0,50.0,0.0,0.0,2.59,0.0,14.46,570.38,0,63,0,1,17,16,-1105,1929,-26
10.39005970954895,0.0,50.0,0.0,0.0,2.55,0.0,14.46,570.38,0,63,0,1,17,17,-1105,1929,-25
10.41236662864685,0.0,50.0,0.0,0.0,2.55,0.0,14.46,570.38,0,61,0,1,16,17,-1105,1929,-24
10.431900978088379,0.0,50.0,0.0,0.0,2.55,0.0,14.46,570.38,0,61,0,1,16,17,-1105,1929,-24
10.452784538269043,0.0,50.0,0.0,0.0,2.5,0.0,14.46,570.38,0,62,0,1,16,18,-1105,1928,-23
10.473417282104492,0.0,50.0,0.0,0.0,2.5,0.0,14.46,570.38,0,62,0,1,16,18,-1105,1928,-23
10.49326491355896,0.0,50.0,0.0,0.0,2.5,0.0,14.46,570.38,0,60,0,1,16,18,-1105,1928,-22
10.513624429702759,0.0,50.0,0.0,0.0,2.46,0.0,14.47,570.38,0,60,0,1,16,19,-1105,1928,-21
10.534045696258545,0.0,50.0,0.0,0.0,2.4,0.0,14.47,570.38,0,59,0,1,16,20,-1105,1927,-20
10.554671049118042,0.0,50.0,0.0,0.0,2.4,0.0,14.47,570.38,0,59,0,1,16,20,-1105,1927,-20
10.576212167739868,0.0,50.0,0.0,0.0,2.4,0.0,14.47,570.38,0,60,0,1,16,20,-1105,1927,-19
10.596162557601929,0.0,50.0,0.0,0.0,2.36,0.0,14.47,570.38,0,58,0,1,16,20,-1105,1926,-19
10.616028547286987,0.0,50.0,0.0,0.0,2.31,0.0,14.47,570.37,0,60,0,1,16,21,-1105,1926,-18
10.636467218399048,0.0,50.0,0.0,0.0,2.31,0.0,14.47,570.37,0,58,0,1,16,21,-1105,1926,-17
10.656705856323242,0.0,50.0,0.0,0.0,2.26,0.0,14.47,570.37,0,58,0,1,16,21,-1105,1926,-17
10.680713415145874,0.0,50.0,0.0,0.0,2.22,0.0,14.48,570.37,0,57,0,1,15,22,-1105,1925,-14
10.702342748641968,0.0,50.0,0.0,0.0,2.12,0.0,14.48,570.37,0,55,0,1,15,23,-1105,1925,-14
10.723399877548218,0.0,50.0,0.0,0.0,2.12,0.0,14.48,570.37,0,54,0,0,15,23,-1105,1924,-12
10.743425130844116,0.0,50.0,0.0,0.0,2.09,0.0,14.48,570.37,0,54,0,0,15,23,-1105,1924,-12
10.764674663543701,0.0,50.0,0.0,0.0,2.04,0.0,14.49,570.37,0,55,0,0,15,24,-1105,1923,-10
10.784366846084595,0.0,50.0,0.0,0.0,2.04,0.0,14.49,570.37,0,54,0,0,14,24,-1105,1923,-10
10.805378675460815,0.0,50.0,0.0,0.0,2.01,0.0,14.49,570.37,0,54,0,0,14,24,-1105,1923,-10
10.826379299163818,0.0,50.0,0.0,0.0,2.01,0.0,14.49,570.37,0,51,0,0,14,24,-1105,1923,-9
10.846379041671753,0.0,50.0,0.0,0.0,1.96,0.0,14.49,570.37,0,51,0,0,14,25,-1105,1922,-8
10.866378545761108,0.0,50.0,0.0,0.0,1.96,0.0,14.49,570.37,0,51,0,0,14,25,-1105,1922,-7
10.895107746124268,0.0,50.0,0.0,0.0,1.88,0.0,14.5,570.37,0,53,0,0,14,25,-1105,1922,-6
10.91512131690979,0.0,50.0,0.0,0.0,1.83,0.0,14.5,570.37,0,49,0,0,14,25,-1105,1921,-5
10.942121744155884,0.0,50.0,0.0,0.0,1.83,0.0,14.5,570.37,0,51,0,0,14,25,-1105,1921,-4
10.962121725082397,0.0,50.0,0.0,0.0,1.8,0.0,14.5,570.37,0,48,0,0,14,25,-1105,1921,-4
10.983117580413818,0.0,50.0,0.0,0.0,1.76,0.0,14.5,570.38,0,49,0,0,13,26,-1105,1920,-2
11.003122329711914,0.0,50.0,0.0,0.0,1.72,0.0,14.51,570.38,0,49,0,0,13,26,-1105,1920,-2
11.02312421798706,0.0,50.0,0.0,0.0,1.72,0.0,14.51,570.38,0,48,0,0,13,26,-1105,1920,-2
11.046122789382935,0.0,50.0,0.0,0.0,1.68,0.0,14.51,570.38,0,47,0,0,13,26,-1105,1920,-1
11.067119359970093,0.0,50.0,0.0,0.0,1.68,0.0,14.51,570.38,0,47,0,0,13,26,-1105,1919,0
11.087300539016724,0.0,50.0,0.0,0.0,1.65,0.0,14.51,570.38,0,48,0,0,13,26,-1105,1919,0
11.107326984405518,0.0,50.0,0.0,0.0,1.65,0.0,14.51,570.38,0,45,0,0,13,26,-1105,1919,0
11.126696109771729,0.0,50.0,0.0,0.0,1.61,-0.01,14.52,570.38,0,47,0,0,13,26,-1105,1919,0
11.150970935821533,0.0,50.0,0.0,0.0,1.58,-0.01,14.52,570.38,0,45,0,0,13,26,-1105,1918,1
11.172524213790894,0.0,50.0,0.0,0.0,1.54,-0.01,14.52,570.38,0,46,0,0,13,26,-1105,1918,1
11.194345712661743,0.0,50.0,0.0,0.0,1.54,-0.01,14.52,570.38,0,45,0,0,12,26,-1105,1918,2
11.21415638923645,0.0,50.0,0.0,0.0,1.54,-0.01,14.52,570.38,0,45,0,0,12,26,-1105,1918,2
11.235267400741577,0.0,50.0,0.0,0.0,1.5,-0.01,14.52,570.38,0,45,0,0,12,26,-1105,1918,2
11.256053924560547,0.0,50.0,0.0,0.0,1.46,-0.01,14.53,570.38,0,44,0,0,12,26,-1105,1918,3
11.27597689628601,0.0,50.0,0.0,0.0,1.46,-0.01,14.53,570.38,0,44,0,0,12,26,-1105,1918,3
11.299757480621338,0.0,50.0,0.0,0.0,1.44,0.0,14.53,570.38,0,43,0,0,12,26,-1105,1917,4
11.319555759429932,0.0,50.0,0.0,0.0,1.39,-0.01,14.53,570.38,0,42,0,0,12,26,-1105,1917,5
11.339555978775024,0.0,50.0,0.0,0.0,1.39,-0.01,14.53,570.38,0,41,0,0,12,25,-1105,1917,5
11.360721588134766,0.0,50.0,0.0,0.0,1.39,-0.01,14.53,570.38,0,41,0,0,12,25,-1105,1917,5
11.38175654411316,0.0,50.0,0.0,0.0,1.36,0.0,14.53,570.38,0,43,0,0,12,25,-1105,1916,6
11.401719331741333,0.0,50.0,0.0,0.0,1.36,0.0,14.53,570.38,0,43,0,0,12,25,-1105,1916,6
11.421723127365112,0.0,50.0,0.0,0.0,1.33,0.0,14.54,570.38,0,41,0,0,12,25,-1105,1916,6
11.442723989486694,0.0,50.0,0.0,0.0,1.29,0.0,14.54,570.38,0,41,0,0,12,25,-1105,1916,7
11.463797807693481,0.0,50.0,0.0,0.0,1.29,0.0,14.54,570.38,0,40,0,0,11,25,-1105,1916,7
11.484258890151978,0.0,50.0,0.0,0.0,1.26,0.0,14.54,570.38,0,40,0,0,11,25,-1105,1915,8
11.504179954528809,0.0,50.0,0.0,0.0,1.23,0.0,14.54,570.38,0,39,0,0,11,24,-1105,1915,9
11.523705959320068,0.0,50.0,0.0,0.0,1.19,0.0,14.55,570.37,0,39,0,0,11,24,-1105,1915,9
11.543858051300049,0.0,50.0,0.0,0.0,1.16,0.0,14.55,570.37,0,39,0,0,11,24,-1105,1915,9
11.568977117538452,0.0,50.0,0.0,0.0,1.16,0.0,14.55,570.37,0,37,0,0,11,24,-1105,1914,9
11.58948040008545,0.0,50.0,0.0,0.0,1.13,0.0,14.55,570.37,0,38,0,0,11,24,-1105,1914,10
11.609391689300537,0.0,50.0,0.0,0.0,1.1,0.0,14.56,570.37,0,37,0,0,11,23,-1105,1914,10
11.629392623901367,0.0,50.0,0.0,0.0,1.07,-0.01,14.56,570.37,0,37,0,0,11,23,-1105,1914,10
11.64939284324646,0.0,50.0,0.0,0.0,1.07,-0.01,14.56,570.37,0,37,0,0,11,23,-1105,1914,11
11.675496101379395,0.0,50.0,0.0,0.0,1.04,-0.01,14.56,570.37,0,37,0,0,10,23,-1105,1914,11
11.695457935333252,0.0,50.0,0.0,0.0,1.01,-0.01,14.57,570.37,0,36,0,0,10,23,-1105,1913,11
11.715625524520874,0.0,50.0,0.0,0.0,1.01,-0.01,14.57,570.37,0,36,0,0,10,22,-1105,1913,12
11.735458374023438,0.0,50.0,0.0,0.0,0.99,-0.01,14.57,570.37,0,36,0,0,10,22,-1105,1913,12
11.756444215774536,0.0,50.0,0.0,0.0,0.99,-0.01,14.57,570.37,0,36,0,0,10,22,-1105,1913,12
11.778477907180786,0.0,50.0,0.0,0.0,0.96,-0.01,14.57,570.37,0,35,0,0,10,22,-1105,1913,12
11.799327611923218,0.0,50.0,0.0,0.0,0.96,-0.01,14.57,570.37,0,35,0,0,10,22,-1105,1913,12
11.819154977798462,0.0,50.0,0.0,0.0,0.93,-0.01,14.57,570.37,0,33,0,0,10,21,-1105,1912,13
11.83934473991394,0.0,50.0,0.0,0.0,0.9,0.0,14.58,570.37,0,33,0,0,10,21,-1105,1912,13
11.859355688095093,0.0,50.0,0.0,0.0,0.9,0.0,14.58,570.37,0,34,0,0,10,21,-1105,1912,13
11.885441303253174,0.0,50.0,0.0,0.0,0.87,0.0,14.58,570.37,0,33,0,0,10,20,-1105,1912,13
11.905372619628906,0.0,50.0,0.0,0.0,0.87,0.0,14.58,570.37,0,33,0,0,10,20,-1105,1912,13
11.926146268844604,0.0,50.0,0.0,0.0,0.84,0.0,14.59,570.37,0,33,0,0,10,20,-1105,1912,13
11.946425437927246,0.0,50.0,0.0,0.0,0.82,0.0,14.59,570.37,0,32,0,0,9,20,-1105,1912,14
11.966997385025024,0.0,50.0,0.0,0.0,0.82,0.0,14.59,570.37,0,32,0,0,9,20,-1105,1912,14
11.986991167068481,0.0,50.0,0.0,0.0,0.79,0.0,14.59,570.37,0,33,0,0,9,19,-1105,1911,14
12.008109331130981,0.0,50.0,0.0,0.0,0.76,0.0,14.6,570.37,0,31,0,0,9,19,-1105,1911,14
12.027542114257812,0.0,50.0,0.0,0.0,0.76,0.0,14.6,570.37,0,31,0,0,9,18,-1105,1911,14
12.048105239868164,0.0,50.0,0.0,0.0,0.74,0.0,14.6,570.37,0,31,0,0,9,18,-1105,1911,14
12.068190574645996,0.0,50.0,0.0,0.0,0.71,0.0,14.6,570.37,0,31,0,0,9,18,-1105,1911,14
12.092439413070679,0.0,50.0,0.0,0.0,0.68,0.0,14.61,570.37,0,32,0,0,9,18,-1105,1911,14
12.112449407577515,0.0,50.0,0.0,0.0,0.68,0.0,14.61,570.37,0,30,0,0,9,17,-1105,1910,15
12.132494449615479,0.0,50.0,0.0,0.0,0.66,0.0,14.61,570.38,0,29,0,0,9,17,-1105,1910,15
12.152486085891724,0.0,50.0,0.0,0.0,0.63,0.0,14.61,570.38,0,29,0,0,9,17,-1105,1910,15
12.172682523727417,0.0,50.0,0.0,0.0,0.63,0.0,14.61,570.38,0,30,0,0,8,16,-1105,1910,15
12.198601007461548,0.0,50.0,0.0,0.0,0.63,0.0,14.61,570.38,0,28,0,0,8,16,-1105,1910,15
12.21840238571167,0.0,50.0,0.0,0.0,0.63,0.0,14.61,570.38,0,28,0,0,8,16,-1105,1910,15
12.23855447769165,0.0,50.0,0.0,0.0,0.58,0.0,14.62,570.4,0,29,0,0,8,15,-1105,1909,15
12.258915424346924,0.0,50.0,0.0,0.0,0.58,0.0,14.62,570.4,0,29,0,0,8,15,-1105,1909,15
12.279604434967041,0.0,50.0,0.0,0.0,0.56,0.0,14.62,570.4,0,28,0,0,8,15,-1105,1909,15
12.301605939865112,0.0,50.0,0.0,0.0,0.56,0.0,14.62,570.4,0,28,0,0,8,15,-1105,1909,15
12.321353673934937,0.0,50.0,0.0,0.0,0.53,0.0,14.63,570.4,0,28,0,0,8,14,-1105,1909,15
12.341643810272217,0.0,50.0,0.0,0.0,0.51,0.0,14.63,570.39,0,28,0,0,8,14,-1105,1909,15
12.361665725708008,0.0,50.0,0.0,0.0,0.51,0.0,14.63,570.39,0,28,0,0,8,14,-1105,1909,15
12.382132768630981,0.0,50.0,0.0,0.0,0.49,0.0,14.63,570.39,0,29,0,0,8,14,-1105,1909,15
12.4060697555542,0.0,50.0,0.0,0.0,0.47,0.0,14.64,570.39,0,25,0,0,8,13,-1105,1909,15
12.425835609436035,0.0,50.0,0.0,0.0,0.47,0.0,14.64,570.39,0,25,0,0,8,13,-1105,1909,15
12.446001291275024,0.0,50.0,0.0,0.0,0.42,0.0,14.64,570.39,0,26,0,0,8,13,-1105,1908,15
12.466334581375122,0.0,50.0,0.0,0.0,0.42,0.0,14.64,570.39,0,26,0,0,7,12,-1105,1908,15
12.486684799194336,0.0,50.0,0.0,0.0,0.4,0.0,14.65,570.39,0,26,0,0,7,12,-1105,1908,15
12.507586002349854,0.0,50.0,0.0,0.0,0.4,0.0,14.65,570.39,0,26,0,0,7,12,-1105,1908,15
12.528032302856445,0.0,50.0,0.0,0.0,0.38,0.0,14.65,570.38,0,24,0,0,7,11,-1105,1908,15
12.547751426696777,0.0,50.0,0.0,0.0,0.38,0.0,14.65,570.38,0,24,0,0,7,11,-1105,1908,15
12.568506956100464,0.0,50.0,0.0,0.0,0.36,0.0,14.65,570.38,0,24,0,0,7,11,-1105,1908,15
12.588514566421509,0.0,50.0,0.0,0.0,0.36,0.0,14.65,570.38,0,25,0,0,7,11,-1105,1908,15
12.610450267791748,0.0,50.0,0.0,0.0,0.34,0.0,14.65,570.38,0,25,0,0,7,10,-1105,1907,15
12.630293369293213,0.0,50.0,0.0,0.0,0.31,0.0,14.66,570.38,0,23,0,0,7,10,-1105,1907,14
12.6511390209198,0.0,50.0,0.0,0.0,0.3,0.0,14.66,570.38,0,23,0,0,7,10,-1105,1907,14
12.672012567520142,0.0,50.0,0.0,0.0,0.3,0.0,14.66,570.38,0,22,0,0,7,10,-1105,1907,14
12.691993236541748,0.0,50.0,0.0,0.0,0.3,0.0,14.66,570.38,0,23,0,0,7,9,-1105,1907,14
12.712780237197876,0.0,50.0,0.0,0.0,0.28,0.0,14.66,570.38,0,23,0,0,7,9,-1105,1907,14
12.732092380523682,0.0,50.0,0.0,0.0,0.28,0.0,14.66,570.38,0,23,0,0,7,9,-1105,1907,14
12.75293779373169,0.0,50.0,0.0,0.0,0.26,0.0,14.67,570.38,0,23,0,0,7,9,-1105,1907,14
12.781299591064453,0.0,50.0,0.0,0.0,0.23,0.0,14.67,570.37,0,24,0,0,7,8,-1105,1907,14
12.801299571990967,0.0,50.0,0.0,0.0,0.22,0.0,14.67,570.37,0,23,0,0,6,8,-1105,1906,14
12.827335119247437,0.0,50.0,0.0,0.0,0.22,0.0,14.67,570.37,0,21,0,0,6,8,-1105,1906,14
12.847857236862183,0.0,50.0,0.0,0.0,0.22,0.0,14.67,570.37,0,21,0,0,6,7,-1105,1906,14
12.867855310440063,0.0,50.0,0.0,0.0,0.19,0.0,14.68,570.37,0,21,0,0,6,7,-1105,1906,14
12.888574123382568,0.0,50.0,0.0,0.0,0.19,0.0,14.68,570.37,0,21,0,0,6,7,-1105,1906,14
12.910233736038208,0.0,50.0,0.0,0.0,0.15,0.0,14.68,570.38,0,22,0,0,6,6,-1105,1906,13
12.93337893486023,0.0,50.0,0.0,0.0,0.15,0.0,14.68,570.38,0,22,0,0,6,6,-1105,1906,13
12.955818891525269,0.0,50.0,0.0,0.0,0.13,0.0,14.69,570.38,0,22,0,0,6,6,-1105,1906,13
12.975826978683472,0.0,50.0,0.0,0.0,0.13,0.0,14.69,570.38,0,21,0,0,6,6,-1105,1906,13
12.996003866195679,0.0,50.0,0.0,0.0,0.11,0.0,14.69,570.38,0,20,0,0,6,5,-1105,1906,13
13.01600456237793,0.0,50.0,0.0,0.0,0.11,0.0,14.69,570.38,0,20,0,0,6,5,-1105,1906,13
13.04376220703125,0.0,50.0,0.0,0.0,0.09,-0.01,14.69,570.38,0,21,-2,0,6,0,-1105,1905,0
13.066728353500366,0.0,50.0,0.0,0.0,0.08,0.0,14.68,570.38,0,16,4,0,5,0,-1105,1905,0
13.09726095199585,0.0,50.0,0.0,0.0,0.11,0.03,14.69,570.38,-2,18,8,0,5,0,-1105,1905,1
13.11758828163147,0.0,50.0,0.0,0.0,0.11,0.03,14.69,570.38,-12,16,11,0,5,0,-1105,1905,1
13.141665697097778,0.0,50.0,0.0,0.0,0.11,0.03,14.69,570.38,-12,16,11,0,5,0,-1105,1905,1
13.16271162033081,0.0,50.0,0.0,0.0,0.26,-0.03,14.6,570.37,-12,16,11,0,5,0,-1105,1905,1
13.182730913162231,0.0,50.0,0.0,0.0,0.26,-0.03,14.6,570.37,-12,16,11,0,5,0,-1105,1905,1
13.203466415405273,0.0,50.0,0.0,0.0,0.99,-0.18,14.65,570.37,0,9,46,-1,5,3,-1105,1905,1
13.224900245666504,0.0,50.0,0.0,0.0,0.99,-0.18,14.65,570.37,0,9,46,-1,5,3,-1105,1905,1
13.251997947692871,0.0,50.0,0.0,0.0,1.81,-0.01,14.85,570.37,-25,17,51,-2,4,6,-1105,1904,1
13.272002935409546,0.0,50.0,0.0,0.0,1.72,-0.15,15.03,568.87,18,11,59,0,4,8,-1105,1904,1
13.292741060256958,0.0,50.0,0.0,0.0,1.72,-0.15,15.03,568.87,25,23,48,0,4,8,-1105,1904,1
13.312450170516968,0.0,50.0,0.0,0.0,1.27,-0.18,15.0,568.87,25,23,48,0,4,8,-1105,1904,1
13.33258318901062,0.0,50.0,0.0,0.0,1.27,-0.18,15.0,568.87,-130,-12,53,-10,3,11,-1106,1904,2
13.360957384109497,0.0,50.0,0.0,0.0,0.49,0.02,14.71,568.87,-119,6,57,-12,3,12,-1106,1904,2
13.38210391998291,0.0,50.0,0.0,0.0,-0.1,-0.07,14.52,568.9,-148,-40,33,-17,0,13,-1107,1903,2
13.409002780914307,0.0,50.0,0.0,0.0,-0.4,0.26,14.31,568.9,-157,-12,57,-20,0,15,-1107,1903,3
13.429263830184937,0.0,50.0,0.0,0.0,-0.48,0.06,14.16,568.9,-234,0,47,-26,0,16,-1107,1903,3
13.448772192001343,0.0,50.0,0.0,0.0,-0.48,0.06,14.16,568.9,-234,0,47,-26,0,16,-1107,1903,3
13.469220638275146,0.0,50.0,0.0,0.0,-0.25,-0.27,14.11,570.29,-190,1,60,-29,0,18,-1108,1903,4
13.489182233810425,0.0,50.0,0.0,0.0,-0.25,-0.27,14.11,570.29,-190,1,60,-29,0,18,-1108,1903,4
13.514518022537231,0.0,50.0,0.0,0.0,-0.41,-0.41,13.97,570.29,-126,3,26,-32,0,19,-1110,1902,4
13.533910989761353,0.0,50.0,0.0,0.0,-0.41,-0.41,13.97,570.29,-90,16,27,-31,0,19,-1110,1902,5
13.554800033569336,0.0,50.0,0.0,0.0,-0.21,-0.95,13.83,570.34,-150,0,46,-38,0,22,-1112,1902,5
13.574511528015137,0.0,50.0,0.0,0.0,-0.21,-0.95,13.83,570.34,-150,0,46,-38,0,22,-1112,1902,5
13.594707727432251,0.0,50.0,0.0,0.0,-0.4,-2.45,13.76,570.34,-113,-39,52,-38,-2,23,-1112,1902,6
13.620375633239746,0.0,50.0,0.0,0.0,-0.32,-2.52,13.71,570.34,-111,-33,40,-38,-2,23,-1113,1901,6
13.640650510787964,0.0,50.0,0.0,0.0,-0.32,-2.52,13.71,570.34,-165,-6,31,-41,-2,25,-1115,1901,7
13.663397312164307,0.0,50.0,0.0,0.0,-0.2,-2.71,13.67,570.21,-123,-59,46,-41,-6,27,-1115,1901,8
13.683403730392456,0.0,50.0,0.0,0.0,-0.25,-2.09,13.72,570.21,-78,-17,96,-40,-5,30,-1116,1900,9
13.703689098358154,0.0,50.0,0.0,0.0,-0.25,-2.09,13.72,570.21,-94,1,59,-40,-4,31,-1117,1900,9
13.72740125656128,0.0,50.0,0.0,0.0,-0.31,-1.41,13.79,570.24,-81,6,79,-40,-4,33,-1117,1900,10
13.747607231140137,0.0,50.0,0.0,0.0,-0.23,-1.38,13.82,570.24,-81,6,79,-40,-4,33,-1117,1900,10
13.76854944229126,0.0,50.0,0.0,0.0,-0.23,-1.38,13.82,570.24,-72,18,45,-39,-2,35,-1119,1899,12
13.78787112236023,0.0,50.0,0.0,0.0,-0.07,-1.4,13.88,570.24,-72,18,45,-39,-2,35,-1119,1899,12
13.808468103408813,0.0,50.0,0.0,0.0,-0.07,-1.4,13.88,570.24,-45,-43,74,-38,-5,38,-1119,1899,12
13.82846975326538,0.0,50.0,0.0,0.0,-0.04,-1.0,13.92,570.24,-45,-43,74,-38,-5,38,-1119,1899,12
13.849011898040771,0.0,50.0,0.0,0.0,-0.04,-1.0,13.92,570.24,15,-36,74,-33,-5,40,-1120,1899,13
13.869502305984497,0.0,50.0,0.0,0.0,0.08,-1.17,13.97,570.26,-64,-15,82,-35,-5,42,-1120,1899,14
13.889633893966675,0.0,50.0,0.0,0.0,0.08,-1.17,13.97,570.26,-120,-96,80,-38,-9,44,-1121,1899,15
13.909600257873535,0.0,50.0,0.0,0.0,0.37,-1.67,13.93,570.26,-590,-226,128,-66,-20,50,-1123,1898,17
13.936107397079468,0.0,50.0,0.0,0.0,0.59,-1.74,13.94,570.26,-590,-226,128,-66,-20,50,-1123,1898,17
13.95613718032837,0.0,50.0,0.0,0.0,0.63,-1.8,13.97,570.3,-354,-110,98,-69,-22,54,-1125,1897,20
13.976490259170532,0.0,50.0,0.0,0.0,0.63,-1.8,13.97,570.3,-279,-192,91,-69,-26,56,-1126,1896,21
13.997497081756592,0.0,50.0,0.0,0.0,0.59,-1.33,13.91,570.3,-258,-152,64,-71,-29,57,-1127,1895,22
14.017494916915894,0.0,50.0,0.0,0.0,0.59,-1.33,13.91,570.3,-153,-69,36,-68,-26,57,-1128,1895,23
14.039133548736572,0.0,50.0,0.0,0.0,0.59,-1.33,13.91,570.3,-213,-7,45,-71,-24,58,-1129,1894,25
14.06013798713684,0.0,50.0,0.0,0.0,0.15,-1.03,13.87,570.34,-213,-7,45,-71,-24,58,-1129,1894,25
14.082462549209595,0.0,50.0,0.0,0.0,0.59,-1.41,13.85,570.34,-225,-2,-19,-75,-22,57,-1132,1893,27
14.102679967880249,0.0,50.0,0.0,0.0,0.59,-1.41,13.85,570.34,-460,12,-11,-86,-21,56,-1133,1892,28
14.12299370765686,0.0,50.0,0.0,0.0,1.07,-2.46,13.72,570.35,-460,12,-11,-86,-21,56,-1133,1892,28
14.144074201583862,0.0,50.0,0.0,0.0,1.45,-2.87,13.72,570.35,-372,-25,-35,-90,-21,55,-1135,1892,30
14.164297819137573,0.0,50.0,0.0,0.0,1.45,-2.87,13.72,570.35,-338,-12,-38,-91,-20,54,-1136,1892,31
14.186297178268433,0.0,50.0,0.0,0.0,1.45,-2.87,13.72,570.35,-198,21,-31,-87,-18,53,-1138,1891,32
14.20772123336792,0.0,50.0,0.0,0.0,0.88,-2.24,13.66,570.41,-174,0,-22,-86,-18,53,-1139,1891,33
14.227731466293335,0.0,50.0,0.0,0.0,0.88,-2.24,13.66,570.41,-221,12,-9,-88,-17,53,-1140,1890,35
14.248239755630493,0.0,50.0,0.0,0.0,0.88,-2.24,13.66,570.41,-221,12,-9,-88,-17,53,-1140,1890,35
14.269754886627197,0.0,50.0,0.0,0.0,0.78,-2.06,13.65,570.41,-189,-10,-24,-87,-16,52,-1142,1890,36
14.290660619735718,0.0,50.0,0.0,0.0,0.78,-1.73,13.67,570.41,-189,-10,-24,-87,-16,52,-1142,1890,36
14.311336994171143,0.0,50.0,0.0,0.0,0.78,-1.73,13.67,570.41,-398,-107,-20,-99,-21,51,-1145,1889,39
14.331339597702026,0.0,50.0,0.0,0.0,1.15,-2.06,13.47,570.42,-398,-107,-20,-99,-21,51,-1145,1889,39
14.355606079101562,0.0,50.0,0.0,0.0,1.29,-2.34,13.6,570.42,-281,-75,-43,-99,-20,48,-1148,1888,41
14.375749588012695,0.0,50.0,0.0,0.0,1.29,-2.34,13.6,570.42,-281,-75,-43,-99,-20,48,-1148,1888,41
14.397074460983276,0.0,50.0,0.0,0.0,1.1,-2.08,13.69,570.42,-197,1,-45,-94,-15,45,-1150,1888,43
14.417434692382812,0.0,50.0,0.0,0.0,0.92,-1.82,13.67,570.53,-197,1,-45,-94,-15,45,-1150,1888,43
14.437493324279785,0.0,50.0,0.0,0.0,0.92,-1.82,13.67,570.53,-188,10,-63,-93,-13,43,-1152,1888,44
14.458922863006592,0.0,50.0,0.0,0.0,0.92,-2.05,13.72,570.53,-447,17,-5,-101,-10,43,-1154,1888,45
14.478944063186646,0.0,50.0,0.0,0.0,0.75,-2.01,13.64,570.53,-447,17,-5,-101,-10,43,-1154,1888,45
14.501142978668213,0.0,50.0,0.0,0.0,0.75,-2.01,13.64,570.53,-384,37,-2,-102,-9,43,-1155,1887,46
14.521023750305176,0.0,50.0,0.0,0.0,0.82,-1.95,13.69,570.55,-124,10,-41,-91,-7,39,-1157,1887,48
14.540876150131226,0.0,50.0,0.0,0.0,0.82,-1.95,13.69,570.55,-124,10,-41,-91,-7,39,-1157,1887,48
14.563002109527588,0.0,50.0,0.0,0.0,0.5,-1.42,13.78,570.55,-124,10,-41,-91,-7,39,-1157,1887,48
14.583216667175293,0.0,50.0,0.0,0.0,0.5,-1.42,13.78,570.55,-338,23,-76,-95,-2,35,-1159,1888,49
14.605318069458008,0.0,50.0,0.0,0.0,0.32,-1.3,13.79,570.55,-338,23,-76,-95,-2,35,-1159,1888,49
14.625860691070557,0.0,50.0,0.0,0.0,0.32,-1.3,13.79,570.55,-178,31,-46,-89,0,34,-1160,1888,50
14.647051095962524,0.0,50.0,1.5,1.5,0.32,-1.3,13.79,570.55,-219,-13,-3,-88,0,34,-1161,1888,52
14.677996635437012,0.0,50.0,2.5,1.0,0.32,-1.3,13.79,570.55,-109,-78,3,-82,-2,35,-1162,1888,52
14.704136848449707,0.0,50.0,4.500000000000007,0.5,0.33,-1.87,13.91,570.58,-125,-108,-11,-80,-5,34,-1162,1889,53
14.723653316497803,0.0,50.0,5.000000000000007,0.0,0.21,-1.29,13.85,570.58,-77,-66,-9,-78,-4,34,-1163,1889,53
14.748202800750732,0.0,50.0,6.000000000000007,-0.5,0.21,-1.29,13.85,570.58,-247,-95,-25,-85,-6,32,-1163,1889,54
14.769262790679932,0.0,50.0,6.499999999999993,-0.5,0.01,-1.34,13.92,570.58,-427,-84,-23,-96,-6,32,-1164,1889,55
14.79106616973877,0.0,50.0,7.999999999999993,-1.5,0.01,-1.34,13.92,570.58,-282,-53,-33,-93,-5,31,-1165,1889,55
14.813457250595093,0.0,50.0,11.0,-2.0,0.22,-1.65,13.89,570.67,-282,-53,-33,-93,-5,31,-1165,1889,55
14.83957314491272,0.0,50.0,12.5,-2.0,0.65,-3.45,13.83,570.67,-266,-29,-10,-94,-4,30,-1167,1889,56
14.864981651306152,0.0,50.0,13.0,-2.0,0.65,-3.45,13.83,570.67,-295,-240,2,-96,-15,30,-1168,1889,57
14.889321088790894,0.0,50.0,14.5,-3.0,1.96,-5.54,13.72,570.67,-197,-117,10,-94,-12,31,-1168,1889,58
14.91597843170166,0.0,50.0,17.0,-4.0,3.66,-6.61,13.64,570.69,-149,-127,10,-93,-14,31,-1169,1889,58
14.935806512832642,0.0,50.0,17.0,-4.0,5.54,-8.29,13.54,570.69,-67,-55,-15,-89,-11,29,-1170,1889,59
14.956727981567383,0.0,50.0,17.0,-4.0,6.51,-8.89,13.53,570.69,-16,-14,22,-84,-9,31,-1171,1889,59
14.977190732955933,0.0,50.0,17.0,-4.0,6.51,-8.89,13.53,570.69,-22,43,6,-83,-5,30,-1172,1890,60
15.00682520866394,0.0,50.0,17.0,-4.0,7.21,-8.97,13.52,570.75,-141,-25,45,-89,-7,32,-1173,1890,60
15.027261972427368,0.0,50.0,17.0,-4.0,7.21,-8.97,13.52,570.75,-43,53,10,-86,-2,31,-1173,1890,61
15.047279119491577,0.0,50.0,17.0,-4.0,8.0,-6.64,13.68,570.75,-43,53,10,-86,-2,31,-1173,1890,61
15.067795515060425,0.0,50.0,17.0,-4.0,8.0,-6.64,13.68,570.75,-80,-48,-1,-90,-5,31,-1175,1890,62
15.087698698043823,0.0,50.0,17.0,-4.0,9.2,-5.52,13.61,570.75,-39,83,-30,-88,2,29,-1176,1891,63
15.109967231750488,0.0,50.0,0.0,0.0,9.2,-5.52,13.61,570.75,-39,83,-30,-88,2,29,-1176,1891,63
15.130216836929321,0.0,50.0,0.0,0.0,10.44,-4.92,13.73,570.77,-4,129,-26,-85,8,29,-1177,1891,63
15.153387308120728,0.0,50.0,0.0,0.0,10.44,-4.92,13.73,570.77,-43,26,-24,-85,7,28,-1178,1892,64
15.174698829650879,0.0,50.0,0.0,0.0,11.87,-2.31,14.09,570.77,-93,65,-59,-86,11,25,-1179,1892,64
15.195469617843628,0.0,50.0,0.0,0.0,12.64,-1.16,14.16,570.77,-184,126,-58,-93,17,24,-1180,1893,64
15.21630573272705,0.0,50.0,0.0,0.0,12.64,-1.16,14.16,570.77,-184,126,-58,-93,17,24,-1180,1893,64
15.239106893539429,0.0,50.0,0.0,0.0,13.37,-0.21,14.25,570.88,-149,210,-52,-96,30,20,-1183,1895,65
15.26569128036499,0.0,50.0,0.0,0.0,13.37,-0.21,14.25,570.88,-149,210,-52,-96,30,20,-1183,1895,65
15.28579306602478,0.0,50.0,0.0,0.0,12.53,0.24,14.24,570.88,-112,225,-22,-97,39,20,-1185,1897,66
15.305907487869263,0.0,50.0,0.0,0.0,12.53,0.24,14.24,570.88,-112,225,-22,-97,39,20,-1185,1897,66
15.325900077819824,0.0,50.0,0.0,0.0,9.13,0.18,14.16,570.88,-112,225,-22,-97,39,20,-1185,1897,66
15.346899032592773,0.0,50.0,0.0,0.0,7.08,0.02,14.12,570.91,-116,126,-7,-99,45,20,-1188,1900,66
15.375375270843506,0.0,50.0,0.0,0.0,7.08,0.02,14.12,570.91,-353,8,-59,-112,43,16,-1190,1902,66
15.395389318466187,0.0,50.0,0.0,0.0,4.81,-0.96,14.03,570.91,-306,-20,-8,-115,43,17,-1191,1903,66
15.416948795318604,0.0,50.0,0.0,0.0,3.0,-1.17,14.03,570.91,-306,-20,-8,-115,43,17,-1191,1903,66
15.437779903411865,0.0,50.0,0.0,0.0,3.0,-1.17,14.03,570.91,-198,11,21,-117,47,18,-1195,1906,67
15.457964181900024,0.0,50.0,0.0,0.0,2.06,-1.11,14.03,571.06,-198,11,21,-117,47,18,-1195,1906,67
15.479327917098999,0.0,50.0,0.0,0.0,0.72,-1.71,13.93,571.06,-134,-25,4,-119,47,16,-1199,1909,67
15.499500751495361,0.0,50.0,0.0,0.0,0.72,-1.71,13.93,571.06,-134,-25,4,-119,47,16,-1199,1909,67
15.52238917350769,0.0,50.0,2.0,-4.5,0.72,-1.71,13.93,571.06,-107,-79,42,-119,45,18,-1201,1911,67
15.5509672164917,0.0,50.0,2.0,-10.5,-0.58,-1.97,13.97,571.08,-111,-140,30,-119,42,18,-1203,1912,67
15.580860376358032,0.0,50.0,2.0,-14.5,-0.58,-1.97,13.97,571.08,-78,-160,35,-116,40,19,-1206,1915,68
15.612023830413818,0.0,50.0,3.5,-19.5,-0.97,-2.16,13.97,571.08,-89,-135,36,-115,39,20,-1208,1917,68
15.638086557388306,0.0,50.0,4.0,-22.499999999999996,-0.97,-2.16,13.97,571.08,-121,-80,39,-116,41,21,-1210,1918,68
15.665506839752197,0.0,50.0,4.0,-25.0,-1.43,-2.6,14.02,571.14,-222,-47,36,-123,43,21,-1212,1920,68
15.686304569244385,0.0,50.0,4.0,-25.5,-1.43,-2.6,14.02,571.14,-193,-44,21,-124,44,21,-1214,1921,68
15.706224203109741,0.0,50.0,4.0,-25.5,-5.81,-6.04,14.15,571.14,-3,-177,-6,-115,36,19,-1218,1924,69
15.726496458053589,0.0,50.0,4.0,-25.5,-8.82,-9.16,14.17,571.14,-3,-177,-6,-115,36,19,-1218,1924,69
15.75463581085205,0.0,50.0,4.0,-25.5,-10.61,-11.44,14.08,571.13,71,-251,4,-98,24,19,-1221,1926,69
15.77524471282959,0.0,50.0,4.0,-25.5,-10.61,-11.44,14.08,571.13,71,-251,4,-98,24,19,-1221,1926,69
15.799537181854248,0.0,50.0,0.0,0.0,-10.61,-11.44,14.08,571.13,-125,-214,51,-98,22,21,-1222,1927,69
15.8196542263031,0.0,50.0,0.0,0.0,-10.96,-12.8,14.1,571.13,-125,-214,51,-98,22,21,-1222,1927,69
15.84047269821167,0.0,50.0,0.0,0.0,-10.96,-12.8,14.1,571.13,-162,-230,39,-96,18,21,-1223,1928,69
15.86085557937622,0.0,50.0,0.0,0.0,-10.77,-14.44,14.13,571.18,-121,-357,16,-90,9,21,-1224,1929,69
15.881105422973633,0.0,50.0,0.0,0.0,-7.53,-12.3,13.45,571.18,47,-423,-41,-79,0,18,-1225,1929,70
15.901461839675903,0.0,50.0,0.0,0.0,-3.97,-4.35,13.1,571.18,113,-277,-12,-70,2,18,-1226,1930,70
15.920840501785278,0.0,50.0,0.0,0.0,-3.97,-4.35,13.1,571.18,105,-253,10,-65,1,19,-1226,1931,70
15.941654205322266,0.0,50.0,0.0,0.0,-2.31,3.97,12.98,571.18,-189,-253,17,-77,0,19,-1226,1931,70
15.967144966125488,0.0,50.0,0.0,0.0,-2.31,3.97,12.98,571.18,-346,-163,18,-95,0,19,-1228,1932,70
15.987112045288086,0.0,50.0,0.0,0.0,-2.18,5.02,13.23,571.18,-521,-110,9,-111,1,19,-1229,1932,70
16.00903558731079,0.0,50.0,0.0,0.0,-2.18,5.02,13.23,571.18,-281,-92,39,-110,2,20,-1231,1933,70
16.029372215270996,0.0,50.0,0.0,0.0,-1.55,2.43,13.33,571.18,-281,-92,39,-110,2,20,-1231,1933,70
16.048901557922363,0.0,50.0,0.0,0.0,-0.66,0.86,13.43,570.95,-180,-69,39,-107,2,21,-1232,1934,70
16.08147668838501,0.0,50.0,0.0,0.0,-0.66,0.86,13.43,570.95,-180,-69,39,-107,2,21,-1232,1934,70
16.100775241851807,0.0,50.0,0.0,0.0,-0.66,0.86,13.43,570.95,-180,-69,39,-107,2,21,-1232,1934,70
16.121225595474243,0.0,50.0,0.0,0.0,-0.69,0.37,13.53,570.95,-180,-69,39,-107,2,21,-1232,1934,70
16.141539335250854,0.0,50.0,0.0,0.0,-0.69,0.37,13.53,570.95,-422,-43,13,-115,0,20,-1237,1935,71
16.16200828552246,0.0,50.0,0.0,0.0,-0.61,-0.67,13.56,570.95,-422,-43,13,-115,0,20,-1237,1935,71
16.182133674621582,0.0,50.0,0.0,0.0,-0.61,-0.67,13.56,570.95,-465,-32,1,-120,1,19,-1238,1936,71
16.202479124069214,0.0,50.0,0.0,0.0,-0.61,-0.67,13.56,570.95,-381,-4,9,-122,3,19,-1240,1936,71
16.22703790664673,0.0,50.0,0.0,0.0,-0.61,-0.67,13.56,570.95,-381,-4,9,-122,3,19,-1240,1936,71
16.247285842895508,0.0,50.0,0.0,0.0,-0.36,-2.22,13.56,570.96,-381,-4,9,-122,3,19,-1240,1936,71
16.26934552192688,0.0,50.0,0.0,0.0,-0.32,-2.33,13.6,570.96,-604,-94,28,-130,0,20,-1244,1938,72
16.28923726081848,0.0,50.0,0.0,0.0,-0.32,-2.33,13.6,570.96,-604,-94,28,-130,0,20,-1244,1938,72
16.3096022605896,0.0,50.0,0.0,0.0,-0.38,-2.28,13.65,570.96,-353,-41,13,-130,2,20,-1246,1938,72
16.330564498901367,0.0,50.0,0.0,0.0,-0.46,-4.19,13.62,571.03,-462,-40,-1,-130,3,19,-1249,1939,72
16.350724458694458,0.0,50.0,0.0,0.0,-0.46,-4.19,13.62,571.03,-334,-35,-6,-130,3,18,-1251,1939,72
16.37077760696411,0.0,50.0,0.0,0.0,-0.46,-4.19,13.62,571.03,-86,-23,-6,-130,3,17,-1253,1940,72
16.390804290771484,0.0,50.0,0.0,0.0,-0.29,-5.27,13.51,571.03,-33,-115,-7,-127,0,17,-1254,1940,72
16.4120135307312,0.0,50.0,0.0,0.0,-0.01,-3.45,13.48,571.03,32,-113,-3,-117,-3,17,-1256,1941,72
16.436668634414673,0.0,50.0,0.0,0.0,-0.01,-3.45,13.48,571.03,-4,-71,-20,-113,-2,16,-1257,1941,72
16.45668625831604,0.0,50.0,0.0,0.0,-0.24,-3.05,13.51,571.04,-160,-48,14,-114,-2,16,-1258,1942,72
16.47741460800171,0.0,50.0,0.0,0.0,-0.24,-3.05,13.51,571.04,-160,-48,14,-114,-2,16,-1258,1942,72
16.49820113182068,0.0,50.0,0.0,0.0,-0.18,-3.1,13.48,571.04,-167,-64,21,-113,-2,17,-1260,1942,72
16.51854395866394,0.0,50.0,0.0,0.0,-0.18,-3.1,13.48,571.04,-82,-39,15,-107,-1,17,-1260,1942,73
16.539100170135498,0.0,50.0,0.0,0.0,0.11,-3.26,13.51,571.04,-170,-211,36,-107,-11,18,-1262,1943,73
16.559606790542603,0.0,50.0,0.0,0.0,0.13,-2.8,13.45,571.03,-47,-155,21,-99,-11,17,-1262,1943,73
16.585024118423462,0.0,50.0,0.0,0.0,0.13,-2.8,13.45,571.03,-47,-155,21,-99,-11,17,-1262,1943,73
16.60441255569458,0.0,50.0,0.0,0.0,0.29,-3.56,13.39,571.03,15,-93,34,-90,-10,18,-1263,1943,73
16.62484312057495,0.0,50.0,0.0,0.0,0.86,-4.51,13.33,571.05,-161,-150,29,-93,-13,18,-1264,1943,73
16.647284746170044,0.0,50.0,0.0,0.0,0.86,-4.51,13.33,571.05,-158,-90,2,-89,-13,18,-1264,1943,73
16.66775155067444,0.0,50.0,0.0,0.0,0.86,-4.51,13.33,571.05,-452,-313,29,-101,-24,19,-1265,1943,73
16.68911099433899,0.0,50.0,0.0,0.0,0.85,-3.77,13.41,571.05,-347,-130,31,-100,-20,19,-1266,1943,73
16.709664583206177,0.0,50.0,0.0,0.0,0.64,-3.57,13.33,571.05,-210,-79,12,-96,-19,19,-1266,1943,73
16.729389905929565,0.0,50.0,0.0,0.0,0.64,-3.57,13.33,571.05,-210,-79,12,-96,-19,19,-1266,1943,73
16.749902725219727,0.0,50.0,0.0,0.0,1.43,-4.37,13.29,571.06,-399,-408,22,-110,-46,20,-1268,1942,74
16.76975965499878,0.0,50.0,0.0,0.0,1.43,-4.37,13.29,571.06,-399,-408,22,-110,-46,20,-1268,1942,74
16.790433883666992,0.0,50.0,0.0,0.0,1.17,-3.69,13.42,571.06,-258,-147,-27,-104,-40,17,-1269,1942,74
16.8109712600708,0.0,50.0,0.0,0.0,1.17,-3.69,13.42,571.06,-117,-206,-37,-97,-45,16,-1269,1941,74
16.83097004890442,0.0,50.0,0.0,0.0,0.85,-3.13,13.44,571.06,-284,-71,-10,-104,-44,16,-1270,1941,74
16.856973886489868,0.0,50.0,0.0,0.0,0.76,-3.1,13.5,571.06,-252,-24,7,-107,-42,16,-1271,1940,74
16.877355575561523,0.0,50.0,0.0,0.0,2.85,-4.73,12.59,571.1,-257,-39,-10,-113,-41,15,-1272,1939,74
16.898341417312622,0.0,50.0,0.0,0.0,2.85,-4.73,12.59,571.1,912,441,-1000,-64,-20,-35,-1273,1939,74
16.918275356292725,0.0,50.0,0.0,0.0,0.69,2.81,37.02,571.1,912,441,-1000,-64,-20,-35,-1273,1939,74
16.938228845596313,0.0,50.0,0.0,0.0,0.69,2.81,37.02,571.1,536,418,-376,-49,8,-45,-1273,1940,71
16.960981845855713,0.0,50.0,0.0,0.0,-1.87,24.14,55.42,570.87,248,607,-327,-57,21,-51,-1273,1941,70
16.981425046920776,0.0,50.0,0.0,0.0,-10.67,63.28,78.81,570.87,248,607,-327,-57,21,-51,-1273,1941,70
17.00249934196472,0.0,50.0,0.0,0.0,-147.7,67.51,-21.62,570.87,412,-903,-1000,-49,-45,-130,-1277,1941,66
17.023499727249146,0.0,50.0,0.0,0.0,-147.7,67.51,-21.62,570.87,-15,-261,-1000,-58,-42,-130,-1283,1929,62
17.043473958969116,0.0,50.0,0.0,0.0,-178.32,36.89,-37.11,570.87,-353,-122,-1000,-67,-45,-130,-1284,1929,59
17.06595015525818,0.0,50.0,0.0,0.0,170.65,-8.42,-36.39,570.87,261,246,-806,-35,-33,-130,-1283,1929,55
17.085604429244995,0.0,50.0,0.0,0.0,170.65,-8.42,-36.39,570.87,-1058,360,-1800,-32,-27,-235,-1281,1929,51
17.10693597793579,0.0,50.0,0.0,0.0,179.58,-38.02,-37.55,570.87,-1058,360,-1800,-32,-27,-235,-1281,1929,51
17.12677788734436,0.0,50.0,0.0,0.0,-161.59,-55.33,-39.75,570.9,-833,-55,-1510,-51,-30,-307,-1275,1930,37
17.147507667541504,0.0,50.0,0.0,0.0,-161.59,-55.33,-39.75,570.9,-898,142,-947,-61,-32,-334,-1271,1930,29
17.16904354095459,0.0,50.0,0.0,0.0,-161.59,-55.33,-39.75,570.9,-898,142,-947,-61,-32,-334,-1271,1930,29
17.188681602478027,0.0,50.0,0.0,0.0,-148.02,-57.96,-38.67,570.9,-425,-427,-341,-55,-32,-366,-1262,1931,20
17.211315870285034,0.0,50.0,0.0,0.0,-137.65,-55.1,-28.8,570.9,-425,-427,-341,-55,-32,-366,-1262,1931,20
17.231107234954834,0.0,50.0,0.0,0.0,-148.62,-49.21,-6.85,571.0,-311,123,-340,-61,-36,-364,-1259,1931,18
17.25080633163452,0.0,50.0,0.0,0.0,-148.62,-49.21,-6.85,571.0,-1800,696,727,-89,-53,-318,-1256,1926,15
17.27549982070923,0.0,50.0,0.0,0.0,-148.62,-49.21,-6.85,571.0,300,244,139,-125,-51,-322,-1262,1919,15
17.297595977783203,0.0,50.0,0.0,0.0,172.78,-49.2,28.39,571.0,300,244,139,-125,-51,-322,-1262,1919,15
17.330076694488525,0.0,50.0,0.0,0.0,173.54,-25.99,31.24,570.39,644,-406,-1439,-49,-67,-333,-1262,1904,12
17.3500816822052,0.0,50.0,0.0,0.0,173.54,-25.99,31.24,570.39,450,-370,-1460,-44,-76,-362,-1264,1897,8
17.379343271255493,0.0,50.0,0.0,0.0,-176.85,-41.02,36.2,570.39,203,-237,-960,-27,-79,-391,-1266,1888,0
17.399697303771973,0.0,50.0,0.0,0.0,178.57,-32.95,41.38,570.39,530,292,1450,-6,-72,-376,-1266,1882,-6
17.420360326766968,0.0,50.0,0.0,0.0,178.57,-32.95,41.38,570.39,1011,231,651,2,-68,-366,-1266,1876,-11
17.44035840034485,0.0,50.0,0.0,0.0,178.78,-35.93,43.59,570.53,131,40,-673,6,-67,-371,-1266,1869,-19
17.46072268486023,0.0,50.0,0.0,0.0,178.78,-35.93,43.59,570.53,692,285,-312,15,-61,-372,-1265,1863,-25
17.482129096984863,0.0,50.0,0.0,0.0,178.94,-36.22,44.55,570.53,692,285,-312,15,-61,-372,-1265,1863,-25
17.502681016921997,0.0,50.0,0.0,0.0,178.12,-34.96,44.2,570.53,580,-111,-239,39,-69,-372,-1264,1851,-39
17.524575233459473,0.0,50.0,0.0,0.0,178.41,-34.5,43.98,570.35,623,32,-184,52,-70,-377,-1263,1843,-47
17.54462170600891,0.0,50.0,0.0,0.0,178.41,-34.5,43.98,570.35,582,-9,-218,60,-72,-379,-1262,1838,-52
17.565576314926147,0.0,50.0,0.0,0.0,178.63,-34.09,43.82,570.35,549,-15,-164,78,-75,-381,-1258,1826,-64
17.585859537124634,0.0,50.0,0.0,0.0,178.46,-33.36,43.76,570.35,549,-15,-164,78,-75,-381,-1258,1826,-64
17.606144905090332,0.0,50.0,0.0,0.0,178.46,-33.36,43.76,570.35,550,-67,-176,87,-77,-381,-1256,1820,-70
17.628170251846313,0.0,50.0,0.0,0.0,178.48,-32.96,43.74,570.4,564,-11,-185,93,-78,-380,-1255,1815,-73
17.648542165756226,0.0,50.0,0.0,0.0,178.64,-32.58,43.71,570.4,527,-58,-196,101,-79,-378,-1252,1808,-76
17.669200897216797,0.0,50.0,0.0,0.0,178.64,-32.58,43.71,570.4,548,-25,-179,106,-80,-375,-1251,1804,-78
17.689844369888306,0.0,50.0,0.0,0.0,178.77,-32.2,43.7,570.37,520,-13,-166,112,-79,-371,-1248,1798,-79
17.71048140525818,0.0,50.0,0.0,0.0,178.77,-32.2,43.7,570.37,523,-30,-156,116,-78,-368,-1246,1793,-80
17.731489181518555,0.0,50.0,0.0,0.0,178.85,-31.85,43.67,570.37,523,-30,-156,116,-78,-368,-1246,1793,-80
17.751892566680908,0.0,50.0,0.0,0.0,178.65,-31.19,43.66,570.37,528,-12,-168,122,-78,-361,-1242,1783,-83
17.772315979003906,0.0,50.0,0.0,0.0,178.65,-31.19,43.66,570.37,516,-18,-156,125,-78,-356,-1239,1778,-84
17.792038202285767,0.0,50.0,0.0,0.0,178.73,-30.76,43.65,570.38,509,-19,-153,127,-78,-353,-1238,1774,-85
17.811702489852905,0.0,50.0,0.0,0.0,178.73,-30.76,43.65,570.38,509,-19,-153,127,-78,-353,-1238,1774,-85
17.832138776779175,0.0,50.0,0.0,0.0,178.76,-30.33,43.63,570.38,503,-16,-150,130,-76,-345,-1233,1765,-86
17.852876663208008,0.0,50.0,0.0,0.0,178.78,-29.94,43.61,570.38,503,-16,-150,130,-76,-345,-1233,1765,-86
17.873252391815186,0.0,50.0,0.0,0.0,178.76,-29.46,43.59,570.37,500,-16,-147,131,-76,-341,-1232,1761,-86
17.899049282073975,0.0,50.0,0.0,0.0,178.76,-29.46,43.59,570.37,495,-11,-145,133,-74,-332,-1228,1753,-86
17.919099807739258,0.0,50.0,0.0,0.0,178.79,-29.0,43.57,570.37,488,-16,-141,133,-73,-327,-1226,1748,-87
17.939403295516968,0.0,50.0,0.0,0.0,178.83,-28.69,43.55,570.37,483,-18,-137,134,-71,-324,-1225,1745,-87
17.960216760635376,0.0,50.0,0.0,0.0,178.83,-28.69,43.55,570.37,483,-18,-137,134,-71,-324,-1225,1745,-87
17.981249570846558,0.0,50.0,0.0,0.0,178.83,-28.69,43.55,570.37,476,-16,-134,134,-69,-318,-1222,1740,-87
18.001243591308594,0.0,50.0,0.0,0.0,178.85,-27.74,43.5,570.35,475,-14,-133,134,-68,-314,-1221,1737,-86
18.021974563598633,0.0,50.0,0.0,0.0,178.85,-27.74,43.5,570.35,470,-14,-130,134,-67,-308,-1219,1733,-86
18.04177498817444,0.0,50.0,0.0,0.0,178.85,-27.74,43.5,570.35,465,-13,-130,134,-66,-304,-1218,1730,-85
18.0629985332489,0.0,50.0,0.0,0.0,178.89,-27.34,43.48,570.35,461,-12,-127,134,-64,-298,-1217,1726,-85
18.08384680747986,0.0,50.0,0.0,0.0,178.92,-26.99,43.46,570.38,461,-12,-127,134,-64,-298,-1217,1726,-85
18.106006622314453,0.0,50.0,0.0,0.0,178.92,-26.99,43.46,570.38,457,-15,-124,133,-63,-294,-1216,1724,-84
18.12668228149414,0.0,50.0,0.0,0.0,178.93,-26.59,43.44,570.38,452,-15,-122,133,-61,-289,-1214,1720,-83
18.146929025650024,0.0,50.0,0.0,0.0,178.96,-26.15,43.42,570.38,452,-12,-122,132,-60,-285,-1213,1718,-82
18.1669020652771,0.0,50.0,0.0,0.0,178.96,-26.15,43.42,570.38,446,-12,-116,132,-57,-279,-1212,1715,-81
18.18821096420288,0.0,50.0,0.0,0.0,178.99,-25.86,43.41,570.37,442,-12,-115,131,-56,-274,-1211,1713,-80
18.212188482284546,0.0,50.0,0.0,0.0,178.99,-25.86,43.41,570.37,436,-13,-113,130,-54,-268,-1210,1710,-78
18.232770681381226,0.0,50.0,0.0,0.0,179.01,-25.43,43.38,570.37,434,-13,-113,129,-54,-264,-1210,1708,-77
18.256206035614014,0.0,50.0,0.0,0.0,179.01,-25.43,43.38,570.37,432,-8,-109,128,-53,-258,-1209,1705,-75
18.276206016540527,0.0,50.0,0.0,0.0,179.02,-25.06,43.37,570.37,432,-8,-109,128,-53,-258,-1209,1705,-75
18.297206163406372,0.0,50.0,0.0,0.0,179.02,-25.06,43.37,570.37,425,-12,-107,127,-52,-254,-1208,1703,-74
18.318124055862427,0.0,50.0,0.0,0.0,179.06,-24.65,43.34,570.39,423,-10,-107,126,-50,-248,-1208,1700,-72
18.338037967681885,0.0,50.0,0.0,0.0,179.07,-24.36,43.33,570.39,420,-12,-103,125,-49,-243,-1207,1699,-71
18.360716581344604,0.0,50.0,0.0,0.0,179.07,-24.36,43.33,570.39,415,-10,-104,123,-48,-237,-1207,1696,-68
18.38118839263916,0.0,50.0,0.0,0.0,179.09,-23.95,43.31,570.37,412,-11,-101,122,-47,-232,-1206,1694,-66
18.40143370628357,0.0,50.0,0.0,0.0,179.09,-23.95,43.31,570.37,409,-11,-99,121,-46,-228,-1206,1693,-64
18.424442291259766,0.0,50.0,0.0,0.0,179.12,-23.29,43.27,570.37,404,-11,-97,119,-44,-221,-1206,1691,-61
18.444841384887695,0.0,50.0,0.0,0.0,179.12,-23.29,43.27,570.37,402,-10,-96,118,-43,-218,-1206,1689,-60
18.466686725616455,0.0,50.0,0.0,0.0,179.12,-23.29,43.27,570.37,402,-10,-96,118,-43,-218,-1206,1689,-60
18.486492156982422,0.0,50.0,0.0,0.0,179.14,-22.91,43.26,570.37,394,-9,-94,116,-41,-208,-1205,1686,-56
18.506491661071777,0.0,50.0,0.0,0.0,179.16,-22.57,43.24,570.38,394,-9,-94,116,-41,-208,-1205,1686,-56
18.52718734741211,0.0,50.0,0.0,0.0,179.16,-22.57,43.24,570.38,391,-10,-89,114,-40,-202,-1205,1684,-53
18.546666622161865,0.0,50.0,0.0,0.0,179.16,-22.57,43.24,570.38,387,-10,-91,113,-38,-198,-1206,1683,-51
18.567496299743652,0.0,50.0,0.0,0.0,179.18,-22.19,43.22,570.38,383,-8,-88,111,-36,-191,-1206,1681,-48
18.586957693099976,0.0,50.0,0.0,0.0,179.2,-21.93,43.2,570.38,381,-9,-86,110,-35,-187,-1206,1680,-45
18.607566118240356,0.0,50.0,0.0,0.0,179.2,-21.93,43.2,570.38,381,-9,-86,110,-35,-187,-1206,1680,-45
18.632564544677734,0.0,50.0,0.0,0.0,179.21,-21.56,43.18,570.36,371,-9,-84,107,-34,-177,-1206,1678,-40
18.653035402297974,0.0,50.0,0.0,0.0,179.21,-21.56,43.18,570.36,371,-9,-84,107,-34,-177,-1206,1678,-40
18.6728413105011,0.0,50.0,0.0,0.0,179.23,-21.23,43.16,570.36,370,-8,-82,105,-33,-172,-1207,1676,-38
18.693182468414307,0.0,50.0,0.0,0.0,179.25,-20.95,43.15,570.36,365,-7,-82,104,-32,-168,-1207,1675,-35
18.71392846107483,0.0,50.0,0.0,0.0,179.25,-20.95,43.15,570.36,362,-8,-79,102,-29,-163,-1208,1674,-32
18.73708701133728,0.0,50.0,0.0,0.0,179.26,-20.63,43.13,570.36,361,-8,-80,101,-24,-159,-1208,1673,-30
18.757835149765015,0.0,50.0,0.0,0.0,179.26,-20.63,43.13,570.36,354,-9,-76,99,-18,-153,-1209,1673,-27
18.777438402175903,0.0,50.0,0.0,0.0,179.28,-20.28,43.11,570.36,354,-9,-76,99,-18,-153,-1209,1673,-27
18.79735827445984,0.0,50.0,0.0,0.0,179.31,-19.94,43.09,570.36,352,-8,-75,98,-15,-149,-1210,1672,-24
18.817641973495483,0.0,50.0,0.0,0.0,179.31,-19.94,43.09,570.36,348,-8,-75,97,-12,-143,-1210,1672,-21
18.841610431671143,0.0,50.0,0.0,0.0,179.31,-19.94,43.09,570.36,346,-6,-75,95,-11,-139,-1211,1672,-18
18.861608028411865,0.0,50.0,0.0,0.0,179.34,-19.36,43.06,570.36,342,-7,-72,94,-9,-134,-1212,1671,-14
18.88157367706299,0.0,50.0,0.0,0.0,179.34,-19.36,43.06,570.36,339,-8,-68,92,-8,-129,-1212,1671,-11
18.901834964752197,0.0,50.0,0.0,0.0,179.34,-19.36,43.06,570.36,337,-8,-68,91,-8,-124,-1213,1671,-7
18.92260241508484,0.0,50.0,0.0,0.0,179.35,-19.06,43.05,570.38,334,-6,-69,90,-7,-120,-1214,1671,-4
18.948524951934814,0.0,50.0,0.0,0.0,179.35,-19.06,43.05,570.38,334,-6,-69,90,-7,-120,-1214,1671,-4
18.968660831451416,0.0,50.0,0.0,0.0,179.37,-18.73,43.03,570.38,328,-5,-66,86,-6,-110,-1216,1670,2
